customer_id,customer_name,email,age,region,signup_date,segment
CUST00001,Allison Hill,donaldgarcia@example.net,,East,2026-03-09,Consumer
CUST00002,Javier Johnson,jesseguzman@example.net,61,Central,2023-06-21,Consumer
CUST00003,Kimberly Robinson,lisa02@example.net,,North,2024-05-06,Consumer
CUST00004,Daniel Gallagher,daviscolin@example.com,53,South,2025-01-20,VIP
CUST00005,Monica Herrera,smiller@example.net,35,North,2025-02-11,Consumer
CUST00006,Laura Bush,stanleykendra@example.org,27,South,2026-01-15,Consumer
CUST00007,Jamie Chavez,francisco53@example.net,40,East,2023-09-27,VIP
CUST00008,Maria Lynch,amandasanchez@example.com,,West,2024-03-06,VIP
CUST00009,Margaret Hawkins DDS,perezantonio@example.com,23,Central,2024-04-06,Consumer
CUST00010,Thomas Bradley,jason76@example.net,73,East,2024-06-27,VIP
CUST00011,David Hoffman,julie69@example.com,,South,2024-02-10,Consumer
CUST00012,Brenda Snyder PhD,hernandezernest@example.net,73,North,2024-05-06,Business
CUST00013,James Ferrell,tasha01@example.net,41,South,2026-02-27,Consumer
CUST00014,Patricia Peterson,ryan70@example.net,62,North,2026-02-14,VIP
CUST00015,Jonathan White,harrellkenneth@example.net,33,South,2024-09-05,Business
CUST00016,James Martin,georgetracy@example.org,58,Central,2026-05-01,Consumer
CUST00017,Sandra Parker,allenashley@example.org,67,North,2023-01-10,Consumer
CUST00018,Mr. Philip Cannon,donnaarroyo@example.org,43,East,2023-09-24,Consumer
CUST00019,Jenny Lewis,jenniferross@example.net,74,East,2025-03-27,Consumer
CUST00020,Joseph Martinez,calebsmith@example.net,59,West,2023-08-05,Consumer
CUST00021,Benjamin Welch,carlosjohnson@example.com,53,Central,2022-12-20,Consumer
CUST00022,Michael Lewis,jenniferkhan@example.net,55,West,2024-07-17,Consumer
CUST00023,Rhonda Lee,hopkinsmichael@example.com,50,West,2024-07-09,Consumer
CUST00024,Megan Joyce,brownjessica@example.org,27,South,2023-08-31,Business
CUST00025,Jerry Henderson,steven17@example.net,56,West,2023-01-28,VIP
CUST00026,Kimberly Smith,housemelinda@example.org,18,North,2024-04-13,VIP
CUST00027,Dr. Steven Martin,gallowayjoseph@example.com,39,North,2023-10-23,Consumer
CUST00028,Monica Logan,smoore@example.org,64,East,2026-06-27,VIP
CUST00029,Kimberly Adkins,williamsthomas@example.net,24,East,2023-04-23,VIP
CUST00030,Angela Lopez,leonardjoe@example.org,66,South,2026-05-19,VIP
CUST00031,Lauren Williams,barnesbrandy@example.net,18,Central,2023-12-06,Consumer
CUST00032,Michael Edwards,randy47@example.com,41,East,2026-05-01,Consumer
CUST00033,Alexandra Howell,,23,North,2024-11-23,Business
CUST00034,Joshua Wagner,sarahibarra@example.org,52,South,2024-02-20,Consumer
CUST00035,Roy Warner,contrerasangela@example.net,28,East,2023-02-05,VIP
CUST00036,Deborah Preston,josephjacobs@example.net,31,Central,2024-01-13,Consumer
CUST00037,Sarah Wagner,rebecca01@example.net,60,East,2024-05-08,Business
CUST00038,Aaron Wise,evan78@example.net,33,South,2024-05-14,Consumer
CUST00039,Benjamin Ware,amydavenport@example.net,32,Central,2024-11-08,Consumer
CUST00040,Andrew Diaz,,21,South,2026-05-07,Consumer
CUST00041,Amanda Howard,elizabethgomez@example.net,22,Central,2026-02-26,Consumer
CUST00042,Marc Moore,michellecherry@example.org,52,South,2026-02-22,VIP
CUST00043,Norman Cook,vpham@example.org,48,West,2023-09-26,Consumer
CUST00044,Ashley Brennan,dwalker@example.com,40,West,2023-11-20,Business
CUST00045,Crystal Johnson,raymondramirez@example.org,61,North,2026-06-24,Consumer
CUST00046,Martin Ross,sheila14@example.org,73,North,2024-12-18,Consumer
CUST00047,Mrs. Linda Reed,samuel81@example.com,26,West,2026-03-20,Consumer
CUST00048,Andrew Graham,michaeljones@example.net,22,West,2026-04-19,VIP
CUST00049,Mary Martinez,william65@example.com,52,North,2025-06-03,Consumer
CUST00050,Cheryl Ortega,lbyrd@example.net,28,West,2024-12-02,Business
CUST00051,Roy Torres,russellcarpenter@example.net,75,North,2023-12-15,Consumer
CUST00052,Michael Dixon,donnacampbell@example.net,34,West,2025-03-03,Consumer
CUST00053,Robert Potter,jeffrey32@example.org,68,Central,2022-11-15,Business
CUST00054,Miss Patricia Gibson,jennifercruz@example.com,21,Central,2023-08-25,VIP
CUST00055,Abigail Potter,osbornejeffery@example.net,21,Central,2024-09-20,Business
CUST00056,David Charles,danderson@example.net,28,North,2024-10-09,VIP
CUST00057,Emily Fischer,usalazar@example.net,56,North,2024-05-12,Consumer
CUST00058,Jill Moore,wcole@example.org,54,South,2025-12-24,VIP
CUST00059,Richard Washington,joshuajones@example.com,44,Central,2023-08-11,VIP
CUST00060,Steven Miller,jessebenson@example.net,31,East,2023-07-13,Consumer
CUST00061,Gary Owens,clarkrobert@example.net,59,East,2026-05-25,Business
CUST00062,Spencer Johnston,wsmith@example.com,22,North,2025-08-23,Business
CUST00063,Tiffany Barnes,tracynelson@example.com,24,North,2022-10-21,VIP
CUST00064,Michael Powell,marycalhoun@example.net,40,North,2024-10-13,Consumer
CUST00065,Leslie Alvarado,dayderek@example.com,71,Central,2023-05-28,Consumer
CUST00066,Garrett Gibson,kathleen64@example.com,59,Central,2023-09-06,Consumer
CUST00067,Alec Ryan,jeffrey10@example.org,60,North,2026-05-30,Consumer
CUST00068,Alex Hernandez,thomaswilson@example.org,65,Central,2024-07-06,Consumer
CUST00069,Jacob Obrien,stricklandfrank@example.com,63,East,2023-02-11,Consumer
CUST00070,Eric Byrd,tsanders@example.org,50,West,2022-12-27,Consumer
CUST00071,Lori Garcia,melissa91@example.net,23,West,2025-10-03,Consumer
CUST00072,Jeffrey Wood,,26,East,2024-09-03,Consumer
CUST00073,Samuel Short,hamiltonmichael@example.com,45,Central,2025-06-18,Consumer
CUST00074,Nicholas Sheppard,christina87@example.com,62,South,2024-05-25,VIP
CUST00075,Debra Christian,,53,South,2025-12-11,Business
CUST00076,Stephen Sanchez,qhudson@example.com,75,North,2024-01-04,Consumer
CUST00077,Frederick Freeman MD,matthew94@example.net,24,East,2022-09-24,VIP
CUST00078,Angela Cortez,ppeters@example.net,57,South,2024-07-22,Consumer
CUST00079,Joan Smith,jeffrey34@example.net,69,South,2024-12-20,Business
CUST00080,Joseph Coleman,,39,West,2025-08-12,Consumer
CUST00081,Michael Nelson,jerry35@example.org,24,West,2025-08-08,Consumer
CUST00082,Melissa Lee,lhill@example.net,70,West,2025-01-11,Consumer
CUST00083,Dr. Elizabeth Ward,alexis82@example.com,32,South,2022-11-14,Consumer
CUST00084,Edgar Raymond,agarcia@example.net,35,North,2023-10-21,Consumer
CUST00085,Glen Sheppard,shelley71@example.org,61,Central,2024-04-05,Consumer
CUST00086,Mark Brown,lisaavery@example.org,34,South,2026-08-02,VIP
CUST00087,Phillip Obrien,kimberlyjames@example.com,24,Central,2023-11-09,Business
CUST00088,Jessica Carroll,lynchjody@example.org,45,Central,2025-02-21,VIP
CUST00089,Brad Allen,moorericky@example.net,30,East,2025-01-06,Consumer
CUST00090,David Mann,ojones@example.com,,Central,2025-10-11,Consumer
CUST00091,Mary Peck,owilson@example.net,,East,2023-04-11,VIP
CUST00092,Charles Brown,brooke94@example.com,64,East,2023-03-06,VIP
CUST00093,Melissa Bender,mkim@example.org,43,East,2026-03-05,VIP
CUST00094,Lindsey Johnson,suzannehuff@example.net,42,South,2024-12-28,VIP
CUST00095,Phillip Underwood,hinesgregory@example.net,71,North,2025-03-30,Consumer
CUST00096,Catherine Richards,ecosta@example.com,55,Central,2024-04-16,Consumer
CUST00097,Brian Martin,ssteele@example.net,31,Central,2026-05-24,Business
CUST00098,Krista Gibson,johnny16@example.net,65,South,2025-12-03,Consumer
CUST00099,Sean Murray,lopezmichael@example.com,57,East,2025-02-20,Consumer
CUST00100,Christina Dunn,samuel71@example.org,61,East,2026-07-03,Consumer
CUST00101,Cynthia Moore,tranchristopher@example.org,20,South,2024-07-01,Business
CUST00102,Ronnie Jimenez,william46@example.com,47,West,2026-07-13,VIP
CUST00103,Juan Reyes,michellehill@example.com,49,West,2024-01-09,Consumer
CUST00104,Debra Smith,mary97@example.org,75,North,2024-06-10,Business
CUST00105,Mr. Phillip Bennett,molly39@example.com,62,Central,2023-08-10,Business
CUST00106,Amanda Garner,,72,North,2025-06-15,Business
CUST00107,Jasmin Alvarado,tylerjohnson@example.net,51,Central,2026-06-22,VIP
CUST00108,Brian Kirk,foxstephen@example.net,46,Central,2023-04-04,VIP
CUST00109,Tracy Jones,matthew61@example.com,46,South,2026-01-11,Business
CUST00110,Jamie Stewart,cbrennan@example.net,71,East,2022-12-16,VIP
CUST00111,Tammie Bright,hamiltoncorey@example.net,46,North,2025-06-13,Consumer
CUST00112,Christopher Evans,williamslaura@example.com,75,Central,2024-02-04,Consumer
CUST00113,David Jenkins,georgemiller@example.com,62,South,2025-02-12,Consumer
CUST00114,Thomas Thomas,dlittle@example.com,52,West,2025-04-21,Business
CUST00115,Julie Roberts,charleslandry@example.net,42,Central,2023-11-12,Consumer
CUST00116,Melissa Bryant,james67@example.org,42,West,2023-08-15,Consumer
CUST00117,Laura Haney,andrew64@example.org,42,West,2024-11-27,VIP
CUST00118,Natasha Williams,swall@example.org,56,South,2025-01-25,Business
CUST00119,Mark Oliver,courtneyberger@example.net,19,West,2022-11-05,Consumer
CUST00120,Amanda Diaz,christopherphillips@example.net,64,South,2024-04-26,Business
CUST00121,Richard Walter,alyssa42@example.com,52,North,2026-04-10,Business
CUST00122,Tracy Phillips,linda71@example.org,23,West,2025-08-24,Consumer
CUST00123,Michael Craig,zcoffey@example.net,34,West,2024-02-15,Consumer
CUST00124,Alexis Herrera,vrichardson@example.net,66,West,2023-09-20,Consumer
CUST00125,Mark Watson,thomasharvey@example.net,34,North,2023-12-23,Business
CUST00126,Maria Reid,,40,South,2024-07-05,Consumer
CUST00127,Marie Wilson,shahkevin@example.com,66,North,2023-02-23,Consumer
CUST00128,Joshua Price,ellen86@example.net,,South,2025-08-07,Consumer
CUST00129,Jason Garcia,rgilbert@example.org,54,South,2025-05-24,Business
CUST00130,Jeremy Young,cory58@example.net,28,Central,2024-02-05,VIP
CUST00131,Colton Martinez,ndavis@example.net,67,South,2025-03-13,Consumer
CUST00132,Amber Cook,kristinharris@example.net,,East,2023-07-03,VIP
CUST00133,Sergio Murphy,kristinacarlson@example.com,43,South,2026-01-20,Consumer
CUST00134,Carlos King,danieldelacruz@example.org,33,North,2022-10-01,Consumer
CUST00135,Cynthia Morris,josephmartinez@example.com,25,Central,2024-10-01,Consumer
CUST00136,Karen Strickland,hayesjeffrey@example.net,41,North,2022-11-11,VIP
CUST00137,Sharon Boyd,bschneider@example.org,,West,2026-08-08,Business
CUST00138,Jessica Rodriguez,fjones@example.com,58,West,2025-01-27,Consumer
CUST00139,Donald Schultz,oscar98@example.com,59,East,2024-06-20,VIP
CUST00140,Annette Miles,russellbeasley@example.com,48,West,2024-01-08,Business
CUST00141,Jason Davis,qedwards@example.com,38,South,2026-06-05,Consumer
CUST00142,Kara Davis,daviscolin@example.net,66,West,2024-02-25,VIP
CUST00143,Anthony Frye,elizabeth65@example.net,19,West,2026-05-18,Consumer
CUST00144,Thomas Williams,caroline51@example.net,69,East,2024-09-05,Consumer
CUST00145,John Boone,megan51@example.com,74,East,2024-12-09,VIP
CUST00146,Sarah Villegas,,23,South,2025-11-24,Business
CUST00147,Maria Johnson,anthony44@example.com,62,West,2024-01-25,Business
CUST00148,Charles Sandoval,thomascynthia@example.org,,East,2023-01-19,Consumer
CUST00149,Jamie Chavez,mitchellgriffith@example.net,60,Central,2025-01-10,Consumer
CUST00150,Brittney Webster,craigjoseph@example.net,45,Central,2024-05-08,Consumer
CUST00151,Jennifer Lewis,reeddaniel@example.net,37,East,2025-05-07,Consumer
CUST00152,Mr. Andrew Foster,smithkevin@example.org,25,Central,2025-09-12,Consumer
CUST00153,Donna Wilson,lburgess@example.org,35,Central,2024-03-07,VIP
CUST00154,Kathryn Whitaker,charles06@example.org,71,South,2024-06-28,Consumer
CUST00155,Erik Patterson,amckinney@example.com,18,Central,2023-02-21,Consumer
CUST00156,Frederick Solis,xcollier@example.org,53,East,2024-05-26,Consumer
CUST00157,Jeffrey Morales,fosterkyle@example.com,24,North,2023-07-24,VIP
CUST00158,Angela Schultz,rebeccabailey@example.net,39,South,2026-06-12,Consumer
CUST00159,Brittany Garcia,james92@example.net,25,North,2022-12-26,Business
CUST00160,Lori Marshall,kmaldonado@example.net,61,North,2025-03-07,Consumer
CUST00161,Sharon Burton,scottharrison@example.net,37,North,2023-11-17,Consumer
CUST00162,Anthony Romero,steven00@example.com,56,Central,2025-12-13,VIP
CUST00163,Sean Wyatt,jford@example.net,46,West,2026-03-14,Consumer
CUST00164,Robert Pearson,cassidy82@example.org,37,Central,2024-06-15,VIP
CUST00165,Sara Haas,wagnergerald@example.org,24,South,2025-06-18,Consumer
CUST00166,Kelly Bishop MD,paul59@example.org,33,South,2025-10-13,VIP
CUST00167,Andrea Davis,umitchell@example.net,,West,2026-06-21,VIP
CUST00168,Brittany Miller,sabrinacollins@example.net,,East,2025-06-05,Consumer
CUST00169,Kurt Hurley,angelica52@example.net,61,South,2025-06-11,Consumer
CUST00170,Yolanda Gaines,lucasrodney@example.com,60,South,2022-10-06,Business
CUST00171,Trevor Peterson,ilee@example.org,27,East,2022-12-29,Consumer
CUST00172,Ashley Wise,stanleynancy@example.net,37,Central,2023-03-16,VIP
CUST00173,Christopher Guerra,jenniferwilliams@example.com,47,East,2025-05-04,Business
CUST00174,Jeremy Mitchell,pyoung@example.com,49,West,2026-06-22,Consumer
CUST00175,Stephanie Lee,smurray@example.com,65,East,2024-08-29,VIP
CUST00176,Christopher Gonzalez,moniquewilliams@example.com,61,Central,2026-02-11,VIP
CUST00177,Ashley Singleton,mitchellkathryn@example.com,61,East,2024-06-13,VIP
CUST00178,Sandra Davis,,48,Central,2026-04-04,Business
CUST00179,Stacey Arias,gbrown@example.com,55,West,2023-08-13,Business
CUST00180,Jade Johnson DVM,lacey20@example.com,44,East,2026-04-14,Consumer
CUST00181,Ronald Blake,awest@example.org,39,West,2022-10-07,Business
CUST00182,Chase Bentley,srodriguez@example.org,70,Central,2023-11-14,Consumer
CUST00183,Jason Bauer,fbrown@example.net,38,North,2024-10-16,Business
CUST00184,Laura Higgins,ruben95@example.org,18,Central,2024-12-04,Business
CUST00185,Michael Mills,carlos88@example.net,41,Central,2025-10-09,Business
CUST00186,Alicia Marks,reidtina@example.com,31,East,2025-08-14,VIP
CUST00187,Austin Allen,ingramjill@example.com,74,West,2023-03-19,Consumer
CUST00188,George Day,,69,South,2025-12-11,Consumer
CUST00189,Veronica Mendoza,lisabrown@example.com,,West,2022-11-01,Consumer
CUST00190,Rick Blackwell,sarah86@example.net,25,West,2024-07-18,Consumer
CUST00191,Matthew Mitchell,glennmartin@example.org,63,East,2025-10-27,VIP
CUST00192,James Gonzales,lmorgan@example.com,48,West,2025-05-27,Consumer
CUST00193,Robert Adams,acostachristian@example.net,30,Central,2026-08-03,VIP
CUST00194,Edward Garcia,donna47@example.net,22,East,2025-07-02,Business
CUST00195,Jeremy West,christina64@example.net,35,North,2026-07-13,Consumer
CUST00196,Angela Walsh,william20@example.org,55,West,2026-01-06,Consumer
CUST00197,Jessica Martinez,kimberlydiaz@example.com,39,Central,2026-05-30,VIP
CUST00198,Christian Cole,nathan19@example.org,73,South,2024-10-06,Consumer
CUST00199,Matthew Wright,johnsonjacob@example.net,67,West,2024-03-16,Consumer
CUST00200,Deborah Green,nlewis@example.com,69,West,2025-05-30,Business
CUST00201,Mrs. Brandy Jones MD,zosborn@example.net,59,South,2026-06-25,Business
CUST00202,Miss Michelle Pierce,patricia22@example.com,55,East,2024-09-07,Consumer
CUST00203,Curtis Taylor,jjohnson@example.net,51,West,2024-02-19,Consumer
CUST00204,Kristen Salazar,jonesraymond@example.net,59,South,2025-07-04,Consumer
CUST00205,Patricia Morrow,martinezlogan@example.org,39,Central,2024-06-14,Business
CUST00206,Haley Humphrey,katrinaanderson@example.net,72,Central,2026-04-05,Business
CUST00207,Caleb Hernandez,fernandodonovan@example.org,74,West,2024-01-18,VIP
CUST00208,Stephanie Singleton,,,East,2023-09-03,Consumer
CUST00209,Krista Martinez,christina18@example.net,24,North,2023-05-09,Business
CUST00210,Brittany Hopkins,megan90@example.org,19,North,2023-01-04,Consumer
CUST00211,Patricia Baker,katiebutler@example.net,41,West,2022-10-23,Consumer
CUST00212,Kimberly May,timothy64@example.com,61,South,2022-12-23,Consumer
CUST00213,Jeffrey Washington,matthewthomas@example.net,42,Central,2023-12-10,Consumer
CUST00214,Haley Ross PhD,floressteven@example.com,32,West,2024-06-14,Consumer
CUST00215,Anthony Dougherty,kwright@example.com,75,West,2026-05-08,Consumer
CUST00216,Cheryl Moore,tjimenez@example.com,46,East,2022-10-13,VIP
CUST00217,Kathy Levy,brandywilliams@example.com,62,East,2024-08-18,Business
CUST00218,Martha Ruiz,booneryan@example.com,42,West,2025-07-17,Consumer
CUST00219,Holly Morales,michaelroberts@example.com,54,East,2024-08-31,Consumer
CUST00220,Diana Hays,,43,East,2025-05-10,Consumer
CUST00221,William Long,angela52@example.org,65,North,2025-01-19,VIP
CUST00222,Andrew Williams,linda87@example.org,75,East,2025-01-24,Consumer
CUST00223,Erin Austin,phillipjensen@example.com,58,South,2025-01-06,VIP
CUST00224,Katrina Burns,thomas05@example.com,67,South,2025-05-01,Consumer
CUST00225,Lauren Robles,carlsonjoseph@example.net,37,West,2025-10-04,Consumer
CUST00226,Laura Griffith,ojackson@example.net,23,East,2025-02-12,Consumer
CUST00227,Brittany Becker,armstrongjackie@example.org,26,Central,2022-10-07,Consumer
CUST00228,Christian Vaughn,nshaw@example.com,71,South,2026-02-10,Consumer
CUST00229,Amy Taylor,annbolton@example.com,69,East,2024-09-30,Consumer
CUST00230,Christopher Barr,amy49@example.com,22,South,2023-06-12,Consumer
CUST00231,Justin Walker,kellie37@example.com,43,Central,2024-07-27,Consumer
CUST00232,Taylor Griffith,david86@example.com,34,Central,2025-11-24,Consumer
CUST00233,Regina Roberts,stephanie15@example.com,61,East,2025-04-05,VIP
CUST00234,Cindy Clayton,sarah42@example.org,41,North,2025-02-07,Consumer
CUST00235,Dana Santiago,danawilliams@example.com,53,East,2023-12-26,VIP
CUST00236,Michael Taylor,richarddonovan@example.com,,West,2024-07-24,Consumer
CUST00237,Victor Morris,velezchristopher@example.net,20,North,2023-08-08,Consumer
CUST00238,Sarah Johnson,robertmonroe@example.org,33,Central,2026-08-06,Consumer
CUST00239,Jon Zuniga,nancy04@example.net,65,Central,2025-01-19,Business
CUST00240,Frances Gibson,ismall@example.net,74,West,2024-07-10,Consumer
CUST00241,Brian Martin,twong@example.org,35,North,2022-09-30,Consumer
CUST00242,Edward Craig,gregorychase@example.com,33,East,2025-12-06,Consumer
CUST00243,Angie Caldwell,tinawoods@example.org,75,East,2022-09-19,Consumer
CUST00244,Jeremy Adams,kevin90@example.com,25,West,2025-04-02,Consumer
CUST00245,Amy Wilson,erik84@example.net,56,North,2023-02-25,Consumer
CUST00246,Elizabeth Mendez,susanmendoza@example.com,26,Central,2025-08-15,Consumer
CUST00247,Jennifer Dunn,ztodd@example.net,31,Central,2025-12-04,Consumer
CUST00248,Melanie Larson,foxallison@example.com,67,South,2022-12-30,VIP
CUST00249,Amy Kelley,,27,South,2024-09-02,VIP
CUST00250,Brittany Murphy,nwilson@example.net,60,North,2024-12-22,Consumer
CUST00251,Jordan Stokes,,33,Central,2024-06-19,Consumer
CUST00252,Joyce Brown,,26,West,2024-07-02,VIP
CUST00253,Miranda Foster,reesebeth@example.org,,West,2024-05-08,Consumer
CUST00254,Kimberly Brown,andersenthomas@example.com,50,South,2024-04-17,VIP
CUST00255,Pamela Good,,73,Central,2025-03-22,Consumer
CUST00256,Willie Reyes,rbennett@example.net,21,West,2026-02-12,Business
CUST00257,Scott Wilson,urice@example.org,63,West,2025-12-17,Consumer
CUST00258,Veronica Ford,opatel@example.org,27,North,2024-06-30,Consumer
CUST00259,Colin Golden,johnsondonna@example.net,53,East,2025-09-10,Business
CUST00260,Alexis Harris,wheelersean@example.net,47,Central,2025-06-12,VIP
CUST00261,Patrick Morales,amberwebster@example.org,25,Central,2023-03-29,Consumer
CUST00262,Cynthia Hendricks DDS,joel28@example.org,44,East,2024-04-23,Business
CUST00263,Justin Vargas,conniesimmons@example.com,38,West,2022-11-16,Consumer
CUST00264,Mason James,heather62@example.com,27,West,2024-03-01,Consumer
CUST00265,Kara Atkinson,meredith27@example.org,45,North,2024-11-22,Consumer
CUST00266,Kristin Anderson,jonathanrivera@example.org,55,Central,2026-04-21,VIP
CUST00267,Anna Hardy,brettbennett@example.net,40,West,2025-01-19,Consumer
CUST00268,Chelsea Gill,timothybooth@example.com,40,North,2023-11-17,VIP
CUST00269,Christy Lee,burgesskaren@example.org,48,South,2025-06-01,Consumer
CUST00270,Jennifer Allen,kimberly67@example.net,25,East,2025-03-26,VIP
CUST00271,Ian Andrade,ugarcia@example.com,53,Central,2025-09-03,VIP
CUST00272,Dale Edwards,hartjeffrey@example.org,56,East,2022-10-03,Consumer
CUST00273,Lauren Cortez,elijah53@example.com,37,East,2024-12-03,Consumer
CUST00274,Juan Harding,,54,West,2024-01-06,Consumer
CUST00275,Katherine Cummings,umurray@example.com,19,North,2023-05-10,VIP
CUST00276,Katherine Stark,warrenmary@example.org,39,South,2026-05-24,Consumer
CUST00277,Pamela Gutierrez,carloshernandez@example.org,54,Central,2024-09-02,Consumer
CUST00278,Luke Estrada,bhopkins@example.org,66,Central,2024-10-10,Consumer
CUST00279,Alan Bowen,andre62@example.org,60,West,2026-04-15,Business
CUST00280,Daisy Harvey,lisa46@example.org,31,Central,2024-02-25,Consumer
CUST00281,Karl Branch,kevinclayton@example.org,61,Central,2025-04-02,Business
CUST00282,Olivia Davis,ebennett@example.org,32,West,2025-03-09,VIP
CUST00283,Angela Bruce,,31,South,2025-03-20,Consumer
CUST00284,William Dickson,hallrachel@example.net,49,West,2026-03-03,Consumer
CUST00285,Anthony Jones,rachel90@example.org,32,Central,2026-05-01,VIP
CUST00286,Tyrone Matthews,thickman@example.org,22,West,2024-11-25,Consumer
CUST00287,Sarah Rhodes,patrick21@example.net,22,East,2025-08-11,VIP
CUST00288,Brent Hall,petersonkayla@example.net,58,West,2024-03-30,Consumer
CUST00289,Alyssa Nelson,whenry@example.net,,East,2026-05-18,Consumer
CUST00290,Michael Guerrero,bartonkenneth@example.org,71,East,2025-06-26,Consumer
CUST00291,Christian Dawson,jodistewart@example.org,45,Central,2023-01-18,Business
CUST00292,Jill Juarez,andersonjacob@example.com,37,East,2024-11-15,Consumer
CUST00293,Ashley Davis,carlsonkristen@example.com,50,North,2022-09-27,VIP
CUST00294,Richard Hardy,ashleyjackson@example.com,40,East,2023-05-10,Consumer
CUST00295,Derrick Thomas,ryanfisher@example.com,30,South,2025-10-03,VIP
CUST00296,Tony Le,mwheeler@example.com,22,South,2023-02-10,Business
CUST00297,Travis Cook,vbrock@example.com,55,West,2024-01-02,VIP
CUST00298,Shannon Mccann,kevinmorrison@example.net,38,East,2023-06-24,Consumer
CUST00299,Vincent Novak,jessica79@example.org,58,East,2023-12-20,Consumer
CUST00300,Richard Diaz,brittanygardner@example.net,22,East,2025-09-12,Business
CUST00301,Nicholas Hahn,samuelcarter@example.net,,East,2022-12-17,Consumer
CUST00302,Rebecca Chambers,cynthiaallen@example.net,23,Central,2023-04-18,VIP
CUST00303,James Cole,iaguilar@example.net,53,North,2026-04-23,Business
CUST00304,Jennifer Johnson,jacqueline89@example.net,30,East,2026-04-10,VIP
CUST00305,David Ortega,deborahwilliams@example.net,21,West,2025-05-06,Consumer
CUST00306,Paul Sheppard,grodriguez@example.com,63,North,2023-07-24,VIP
CUST00307,Kristin Watts,seanmyers@example.net,,West,2024-12-30,Business
CUST00308,Haley Johnson,phillipssamantha@example.org,41,East,2023-02-23,Consumer
CUST00309,Brenda Collins,hmueller@example.com,61,Central,2024-01-21,Consumer
CUST00310,Nathan Chavez,evanslisa@example.org,22,East,2022-10-12,Consumer
CUST00311,Brian Marsh,zacharyarnold@example.com,34,Central,2024-11-19,Consumer
CUST00312,Crystal Sullivan,jacobsandoval@example.com,27,East,2022-10-21,Consumer
CUST00313,Christina Vargas,nsmith@example.org,43,South,2023-10-13,VIP
CUST00314,Rebecca Ray,michaelgonzalez@example.org,53,West,2023-09-20,Consumer
CUST00315,Kelsey Fowler,lcarr@example.org,71,Central,2024-01-20,Consumer
CUST00316,Lisa Cervantes,samantha91@example.net,41,North,2023-03-20,Consumer
CUST00317,Eric White,williambarnes@example.org,39,West,2024-12-10,Consumer
CUST00318,John Medina,angelaburns@example.org,22,East,2023-06-04,Consumer
CUST00319,Lisa Glenn,washingtonjames@example.com,65,Central,2026-06-20,Consumer
CUST00320,Kathleen Cohen,cmckinney@example.com,57,South,2023-05-07,VIP
CUST00321,Rebecca Walker,hillamanda@example.org,71,Central,2025-10-01,Consumer
CUST00322,Patricia Simpson,armstrongjoseph@example.net,,East,2025-12-01,Consumer
CUST00323,Rodney Williams,bpayne@example.org,66,West,2025-07-29,Consumer
CUST00324,Danielle Golden,colemichael@example.org,69,West,2024-05-30,Consumer
CUST00325,Patricia Young PhD,michelle96@example.org,46,West,2025-02-07,Consumer
CUST00326,Robin Trujillo,amanda98@example.org,44,South,2023-12-17,Consumer
CUST00327,Donna Adams,taylorkaren@example.com,34,North,2026-04-16,Business
CUST00328,Sharon Martinez DVM,dustinmorris@example.org,24,Central,2025-09-03,Consumer
CUST00329,Katherine Ray,courtney67@example.org,35,West,2025-03-04,VIP
CUST00330,Anna Robertson,heather57@example.com,32,West,2023-12-22,Consumer
CUST00331,Raymond Oconnor,sreid@example.com,43,Central,2026-01-08,Consumer
CUST00332,Jennifer Donaldson,troymorris@example.com,41,South,2024-01-06,Consumer
CUST00333,Kylie Washington,patricia00@example.org,63,East,2025-02-22,Consumer
CUST00334,Alexis Noble,scottsmith@example.com,71,West,2023-06-26,Consumer
CUST00335,Bonnie Santos,nancymcdowell@example.org,57,North,2025-04-03,Consumer
CUST00336,Jacob Mckee,,27,Central,2023-05-04,VIP
CUST00337,Eric Lyons,rubendavis@example.org,36,South,2022-09-11,Consumer
CUST00338,Casey Perez,ssmith@example.com,58,Central,2025-11-22,Business
CUST00339,Jennifer Anderson MD,zdavis@example.org,49,Central,2023-02-04,VIP
CUST00340,Edwin Reyes,,33,South,2025-11-16,Consumer
CUST00341,Margaret Byrd,morenoalan@example.net,33,Central,2023-05-02,Business
CUST00342,Daniel Goodman,cjensen@example.org,51,East,2023-01-12,Consumer
CUST00343,Paul Lawrence,bbell@example.com,68,Central,2025-10-16,VIP
CUST00344,Matthew Wright,,20,West,2025-01-17,Consumer
CUST00345,Dominique Pugh,abbottdominique@example.com,,North,2023-06-30,Consumer
CUST00346,Chelsea Myers,bowerslaura@example.org,24,Central,2024-08-18,Consumer
CUST00347,Jonathan Wheeler,hatfieldsarah@example.org,39,South,2024-03-16,Business
CUST00348,Jennifer Payne,kathrynbest@example.org,29,South,2022-10-03,Consumer
CUST00349,Dennis Williams,fryraymond@example.com,20,East,2025-02-25,Consumer
CUST00350,Jennifer Miles,,20,East,2023-01-05,Consumer
CUST00351,Lisa Ramirez,christian32@example.net,52,West,2023-12-21,Consumer
CUST00352,Pamela Santos,,36,East,2025-03-18,Consumer
CUST00353,Jeffrey Ashley,brianmiller@example.com,25,East,2023-02-22,Business
CUST00354,Amy Wade,davidzimmerman@example.net,75,West,2022-09-26,Consumer
CUST00355,Gregory Holmes PhD,gary24@example.net,49,East,2026-03-01,VIP
CUST00356,Alyssa Roman,alexandria49@example.net,45,North,2022-12-29,Business
CUST00357,Ian Porter,michaelscott@example.org,52,East,2026-03-12,Consumer
CUST00358,Ashley Yang,williamsmichelle@example.org,36,East,2022-11-14,Business
CUST00359,Thomas White,tranrobin@example.net,62,West,2025-04-05,Consumer
CUST00360,David Moon,joseph19@example.com,40,Central,2023-02-27,Business
CUST00361,Amy Walker,finleycasey@example.com,21,North,2026-01-31,Business
CUST00362,Emily Miller,msmith@example.com,61,South,2024-11-24,Consumer
CUST00363,Marcus Marshall,xcuevas@example.org,68,West,2025-07-24,Consumer
CUST00364,Rebecca Hernandez,ijohnson@example.com,59,East,2025-03-08,Consumer
CUST00365,Alexandra Rogers,usweeney@example.com,56,South,2023-02-05,Business
CUST00366,Cynthia Vasquez,kaufmandouglas@example.com,66,North,2023-01-21,VIP
CUST00367,Stephanie Meyer,stephen19@example.org,38,East,2024-09-02,Consumer
CUST00368,Jennifer Vargas,grahamtamara@example.org,,South,2023-11-01,Business
CUST00369,Tammy Long,louis43@example.org,25,East,2026-05-22,Consumer
CUST00370,Randy Rodriguez,martinsteven@example.com,57,East,2023-03-01,Business
CUST00371,Randy Hayes,hbaker@example.org,22,West,2023-04-23,Consumer
CUST00372,Samantha Terry,lewismelissa@example.org,23,East,2023-01-18,Consumer
CUST00373,Henry Palmer,jorge20@example.com,36,East,2026-01-14,Consumer
CUST00374,Krista Davis,laradonald@example.org,58,South,2022-12-07,Consumer
CUST00375,Courtney Gonzalez,owatson@example.net,30,South,2023-01-08,Consumer
CUST00376,Sylvia Jones,gonzalezdebbie@example.org,,Central,2023-01-19,VIP
CUST00377,Rhonda Martinez,kwilliams@example.com,53,South,2025-11-28,VIP
CUST00378,Allen Vega,michaelodonnell@example.com,,West,2023-10-15,Business
CUST00379,Amanda Harvey,deborahporter@example.net,70,Central,2024-07-26,Consumer
CUST00380,James Barnes,crystalpham@example.org,22,West,2026-07-26,Business
CUST00381,Heather Stephens,kcooper@example.net,74,Central,2023-12-14,VIP
CUST00382,Alexander Harper,huangkimberly@example.org,45,Central,2025-11-10,Consumer
CUST00383,Hunter Silva,terrigarcia@example.net,37,South,2023-08-21,Consumer
CUST00384,Raven Mclaughlin,barbaramcgrath@example.com,40,Central,2024-01-30,Consumer
CUST00385,Sarah Thompson,linda59@example.org,58,Central,2025-06-12,Consumer
CUST00386,Keith Thomas,marycochran@example.com,52,North,2024-10-24,VIP
CUST00387,Andrew Brown,andrewwoods@example.com,55,South,2026-04-15,Consumer
CUST00388,Carlos Love,brian29@example.net,56,East,2026-04-14,VIP
CUST00389,Sarah Valencia,,23,North,2026-06-15,VIP
CUST00390,Tom Foster,rogersmarcus@example.org,54,West,2025-07-23,VIP
CUST00391,Mark Freeman,grant89@example.com,58,Central,2023-07-26,Consumer
CUST00392,Casey Parker,david09@example.com,33,West,2026-01-09,Consumer
CUST00393,Latoya White,samantha93@example.net,28,West,2024-11-27,Business
CUST00394,Brenda Mcgee,michaelflores@example.net,56,South,2026-02-27,Consumer
CUST00395,Michael Fowler,sean43@example.org,73,East,2025-05-28,Business
CUST00396,Richard Le,cruzjessica@example.org,53,North,2026-02-26,Consumer
CUST00397,James Payne Jr.,kkramer@example.net,46,South,2025-08-30,Consumer
CUST00398,Jerry Lloyd,phillipslucas@example.org,42,Central,2022-12-25,Business
CUST00399,James Dennis,morgantricia@example.com,28,East,2025-06-14,VIP
CUST00400,Matthew Lawson,gmoore@example.com,28,West,2023-07-01,VIP
CUST00401,Michael Bowen,donna43@example.org,49,North,2022-11-20,Consumer
CUST00402,Sara Hernandez,adam14@example.net,33,South,2025-02-20,VIP
CUST00403,Mr. Daniel Little,wellsdarrell@example.com,,West,2024-07-14,VIP
CUST00404,Deborah May,ylopez@example.com,48,East,2023-06-04,VIP
CUST00405,Jeremiah Baker,,26,East,2025-12-20,Consumer
CUST00406,Brittany Horton,millermaurice@example.net,43,North,2024-04-24,VIP
CUST00407,Crystal Brown,acardenas@example.net,36,North,2025-05-20,Business
CUST00408,Laura Young,christian08@example.net,35,Central,2026-03-21,VIP
CUST00409,Megan Oliver,averyshane@example.org,43,East,2026-07-02,Consumer
CUST00410,Beth Henderson,oharris@example.org,27,South,2025-12-16,VIP
CUST00411,Thomas Sloan,millerangela@example.net,20,North,2023-12-20,Consumer
CUST00412,Jimmy Marks,jrodriguez@example.org,51,West,2024-11-28,Consumer
CUST00413,Traci Garcia,hartcraig@example.com,38,Central,2026-02-02,Consumer
CUST00414,Sherry Baker,earmstrong@example.org,65,East,2023-05-14,VIP
CUST00415,Luke Becker,vwilliams@example.net,52,West,2023-08-15,VIP
CUST00416,Tammie Prince,morganlaura@example.com,41,East,2023-10-16,Consumer
CUST00417,Michael Garcia PhD,kevinmanning@example.com,68,North,2023-09-30,VIP
CUST00418,Matthew Lopez,robinrussell@example.com,68,Central,2025-08-31,VIP
CUST00419,Samantha Robertson,cameronmckinney@example.com,,West,2023-03-23,Consumer
CUST00420,Sherry Johnson,nancygonzalez@example.org,67,West,2023-09-02,Consumer
CUST00421,Thomas Bush,micheal78@example.com,54,North,2025-03-07,Consumer
CUST00422,Andre Watson,,27,West,2025-01-07,Consumer
CUST00423,Seth Matthews,max41@example.com,48,North,2022-10-19,Consumer
CUST00424,Scott Chan,mercedesholland@example.net,60,West,2023-07-02,VIP
CUST00425,Kayla Hancock,wellsdavid@example.org,47,Central,2025-01-17,Consumer
CUST00426,David Trujillo,jennifer46@example.com,73,East,2026-01-10,VIP
CUST00427,Daniel Turner,asilva@example.net,35,Central,2026-08-10,Consumer
CUST00428,Sara Hoffman,kenneth17@example.org,37,East,2024-01-04,Consumer
CUST00429,Frederick Hill,jacob83@example.org,48,East,2025-11-05,VIP
CUST00430,Lindsay Guerrero,jenniferrios@example.com,35,East,2023-09-16,Consumer
CUST00431,James Johnson,matthewreeves@example.net,75,West,2024-10-14,Consumer
CUST00432,Susan Powers,megan82@example.com,36,North,2023-01-27,Consumer
CUST00433,David Stokes,staceylam@example.net,,West,2023-01-15,Consumer
CUST00434,Patrick Parker,nathan94@example.com,70,Central,2026-01-10,Consumer
CUST00435,Sean Silva,kennedyjames@example.org,26,North,2026-02-02,VIP
CUST00436,Edwin Brown,derrickgonzalez@example.com,21,Central,2026-07-23,Consumer
CUST00437,Victoria Thomas,kimberlyfreeman@example.net,,West,2026-07-22,Consumer
CUST00438,Anthony Hayes,kathleenjackson@example.org,67,South,2024-08-10,Consumer
CUST00439,Anita Mendez,epowell@example.com,28,West,2022-09-16,Business
CUST00440,Monica Dodson,katherine83@example.org,36,East,2025-05-05,Consumer
CUST00441,Danielle Steele,larry16@example.net,23,Central,2024-12-30,Consumer
CUST00442,Rodney Evans,stephen89@example.net,20,South,2024-01-06,Business
CUST00443,Whitney Cooper,mhoward@example.org,20,West,2026-05-28,Business
CUST00444,Jennifer Perez,jasonjohnson@example.net,73,East,2023-05-09,Consumer
CUST00445,Matthew Johnson,,24,East,2026-02-15,Consumer
CUST00446,Joseph Williams,stanleydesiree@example.org,51,West,2022-11-18,Consumer
CUST00447,Jeremy Martinez,thomas23@example.net,30,North,2025-05-18,Consumer
CUST00448,Jason Garcia,cindy26@example.org,34,South,2024-09-11,Consumer
CUST00449,Diane Glover,mgonzalez@example.com,54,South,2025-12-12,Consumer
CUST00450,Heather Ortiz,benjamincrawford@example.org,43,West,2025-05-21,VIP
CUST00451,Mr. Adam Davis,conleyelizabeth@example.org,24,South,2026-05-30,Consumer
CUST00452,Angela Cummings,dawn74@example.com,18,East,2024-07-05,Business
CUST00453,Christopher Williams,michael56@example.net,39,East,2023-02-22,VIP
CUST00454,Stefanie Smith,elizabethjackson@example.com,,East,2026-03-13,Consumer
CUST00455,Debra Quinn,lisa21@example.com,37,South,2024-04-04,Business
CUST00456,Russell Vaughn,pmarsh@example.org,74,East,2023-02-18,Consumer
CUST00457,Amy Dunlap,dalepruitt@example.com,41,Central,2025-11-01,Consumer
CUST00458,Catherine James,cheryl27@example.com,27,West,2023-02-18,VIP
CUST00459,Angel Green,alexander89@example.net,48,Central,2024-11-26,Consumer
CUST00460,Mckenzie Morgan,reynoldsjessica@example.com,56,North,2024-01-17,VIP
CUST00461,Janice Combs,smithsarah@example.net,22,Central,2026-01-06,Consumer
CUST00462,Sheila Jones,vflores@example.com,50,South,2022-11-21,VIP
CUST00463,Mason Powell,christianwallace@example.net,72,Central,2024-06-12,Business
CUST00464,Jillian Wilson,bmcgee@example.org,55,West,2024-04-09,Consumer
CUST00465,Joshua Petersen,pamela83@example.net,21,West,2025-04-27,Consumer
CUST00466,Heidi Brown,meganrivera@example.net,21,Central,2025-01-15,Business
CUST00467,Heidi Chavez,malonejeffrey@example.com,19,West,2024-01-31,Consumer
CUST00468,Rebecca Kelley,jacqueline02@example.com,55,North,2023-03-29,Consumer
CUST00469,Mikayla Rodriguez,jacobconrad@example.com,52,North,2023-07-15,Consumer
CUST00470,Cheryl Morgan,owilliams@example.net,36,West,2024-12-30,Consumer
CUST00471,Joanna Barrett,tamarasmith@example.net,64,West,2022-11-18,Consumer
CUST00472,Sara Webb,heatherthompson@example.org,73,West,2023-02-05,Business
CUST00473,Lisa Morris,mbarnes@example.net,73,Central,2025-09-04,Consumer
CUST00474,Victor Waller,iballard@example.com,29,Central,2025-01-19,Business
CUST00475,Kayla Cameron,jennifer83@example.org,32,North,2023-07-07,Consumer
CUST00476,Melissa Morse,tinasantos@example.org,64,Central,2024-08-31,Business
CUST00477,Erica Wilson,anna99@example.net,33,West,2025-06-22,Consumer
CUST00478,Stephanie Ferguson,hstokes@example.org,74,North,2022-10-16,Consumer
CUST00479,Michael Gonzalez,tonyavega@example.org,67,North,2025-12-24,Consumer
CUST00480,Elizabeth Molina,howardshaun@example.net,20,West,2026-02-03,VIP
CUST00481,Sharon Newton,yyoung@example.net,33,North,2023-10-26,Business
CUST00482,Tammy Hughes,tammy00@example.net,66,North,2023-09-04,Consumer
CUST00483,Priscilla Berg,rhondabush@example.net,70,Central,2024-02-18,Consumer
CUST00484,Nancy Gonzalez,kellythompson@example.net,70,East,2022-12-25,Consumer
CUST00485,Nancy Wilson,pattersonangela@example.org,60,Central,2023-04-28,Consumer
CUST00486,Abigail Owens,billmcfarland@example.net,53,Central,2022-11-21,Consumer
CUST00487,Lisa Stanley,jtyler@example.com,49,North,2022-12-23,Consumer
CUST00488,Kelly Krueger,hartmanerik@example.net,68,Central,2024-10-17,Consumer
CUST00489,Daniel Lewis,mark43@example.net,37,West,2024-10-08,Consumer
CUST00490,Samantha Zavala MD,sean99@example.org,72,South,2026-06-13,Consumer
CUST00491,Erica Moon,cruzamber@example.com,47,North,2022-10-15,VIP
CUST00492,Patricia Robertson,stucker@example.net,51,South,2023-06-12,Business
CUST00493,Tiffany Jackson,simsjason@example.net,59,North,2025-09-20,Business
CUST00494,Jessica Garcia,elucas@example.net,64,South,2025-05-18,Consumer
CUST00495,Mitchell Johnson,brownlaura@example.net,56,North,2022-12-19,Consumer
CUST00496,Susan Russell,bmccoy@example.com,64,Central,2022-10-04,Consumer
CUST00497,Kimberly May,avilabrenda@example.net,39,East,2026-01-05,Consumer
CUST00498,Jonathan Roberts,catherine47@example.com,65,North,2024-03-28,Business
CUST00499,Kara Ferguson,julierobles@example.net,63,South,2023-11-06,Business
CUST00500,Elizabeth Eaton,susan08@example.net,67,East,2023-03-31,Business
CUST00501,Kenneth Long,torreskaitlin@example.net,37,East,2024-01-15,Consumer
CUST00502,Matthew Hunt,jackjensen@example.com,24,West,2023-06-15,Consumer
CUST00503,Robert Phelps,enewman@example.com,44,North,2025-04-28,VIP
CUST00504,Craig Carpenter,michael31@example.com,19,East,2025-02-12,VIP
CUST00505,Emily Hayes,heather29@example.net,44,East,2024-02-13,Consumer
CUST00506,Jeffrey Smith,kristenjoseph@example.net,54,South,2024-05-26,Business
CUST00507,Brandy Quinn,wford@example.com,39,East,2024-08-06,Business
CUST00508,Matthew Miller,michele28@example.org,49,West,2023-09-21,Consumer
CUST00509,Angela Jones,atkinsoncrystal@example.net,26,Central,2024-12-16,Business
CUST00510,Christy Johnson,amy87@example.net,59,North,2025-09-23,VIP
CUST00511,Daniel Barton,,70,North,2025-07-25,Consumer
CUST00512,John Dixon,acox@example.net,32,North,2023-08-17,Consumer
CUST00513,Vicki Sutton,,41,North,2025-08-28,VIP
CUST00514,Christopher Knight,jillwebb@example.com,48,West,2022-11-06,Consumer
CUST00515,Crystal Baker,,18,North,2023-08-10,VIP
CUST00516,Kelly Moody,dharrison@example.org,36,North,2022-11-06,VIP
CUST00517,Ashley Schmitt,mary49@example.net,69,South,2024-12-03,Consumer
CUST00518,James Matthews,blacknicholas@example.org,33,South,2024-09-17,VIP
CUST00519,Sean Tucker,aeaton@example.net,35,West,2026-02-23,Consumer
CUST00520,David Robertson,jason22@example.com,54,South,2025-01-18,Consumer
CUST00521,Mary Perry,jennifer77@example.com,23,North,2023-07-08,Consumer
CUST00522,Roy Johnson,andersonbrittany@example.org,48,North,2025-02-26,Consumer
CUST00523,Kenneth Brown,sandra86@example.net,72,West,2026-06-27,Consumer
CUST00524,Sherry Luna,stacey37@example.net,24,Central,2026-07-31,Consumer
CUST00525,Carolyn Greer,laurahoover@example.org,62,Central,2025-02-17,Business
CUST00526,Carol Jennings,ecarlson@example.org,61,East,2024-03-04,VIP
CUST00527,Alan Mills,mserrano@example.org,,East,2023-05-21,Consumer
CUST00528,Linda Rich,davisdonna@example.net,66,West,2024-10-20,Consumer
CUST00529,Todd Gregory,xboyd@example.org,54,West,2025-06-04,VIP
CUST00530,Todd Olson,zbell@example.net,26,North,2026-04-01,VIP
CUST00531,Laura Coleman,thomas31@example.com,24,West,2025-01-13,Consumer
CUST00532,Deanna Smith,lanedavid@example.org,67,Central,2024-02-28,VIP
CUST00533,Robert Ortiz,mooredenise@example.com,19,East,2023-09-18,Business
CUST00534,Krystal Carr,afischer@example.net,42,West,2025-10-05,Consumer
CUST00535,Mr. Justin King,becky62@example.net,23,Central,2023-02-27,Consumer
CUST00536,Richard Avery,lewisrichard@example.com,23,East,2025-10-30,Consumer
CUST00537,Melinda Williams,aoconnell@example.org,27,West,2025-12-01,Consumer
CUST00538,Kyle Davis,jeffrey19@example.org,37,West,2025-07-12,Consumer
CUST00539,Jennifer Douglas,jennifer90@example.org,23,South,2025-03-14,Business
CUST00540,Dakota Sandoval,james98@example.net,44,North,2025-06-05,Consumer
CUST00541,Megan Ward,cantrellchristopher@example.com,56,Central,2025-09-29,Consumer
CUST00542,James Willis,mclaughlincasey@example.org,,West,2024-11-04,Business
CUST00543,Kristin Aguilar,sylvia43@example.net,53,South,2026-06-19,VIP
CUST00544,Jared Smith,richardrodriguez@example.org,28,South,2024-08-30,Consumer
CUST00545,Bruce Palmer,nancy94@example.net,22,South,2024-06-04,Business
CUST00546,John Sanchez,susan77@example.net,68,North,2026-01-25,Consumer
CUST00547,Mr. James Kramer,ericahall@example.com,58,West,2024-04-22,VIP
CUST00548,Joseph Haynes,john16@example.net,26,East,2025-08-16,Consumer
CUST00549,Justin White,michael94@example.org,57,West,2026-05-27,Consumer
CUST00550,Susan Porter,jimmyallen@example.com,70,Central,2023-07-02,Consumer
CUST00551,David Montgomery,kimberlywilson@example.org,62,South,2025-05-04,Business
CUST00552,Lisa Duran,charlesnathan@example.com,38,East,2024-08-14,Business
CUST00553,Dr. Sheila Henry,raymond92@example.org,38,West,2024-10-01,Consumer
CUST00554,Todd Johnson,phillip27@example.org,25,Central,2025-06-05,Consumer
CUST00555,Michael Smith,nicolasgarcia@example.com,61,Central,2025-02-02,Consumer
CUST00556,Joshua Young,vmullen@example.com,63,South,2023-05-31,Business
CUST00557,Jason Goodwin,melissa47@example.org,22,West,2024-12-05,Business
CUST00558,Melissa Olsen,linda86@example.com,34,South,2023-06-17,Business
CUST00559,Nancy Kennedy,thompsonvictor@example.net,,Central,2024-09-18,Business
CUST00560,Rachel Evans,rosshannah@example.org,73,West,2023-07-15,VIP
CUST00561,Ryan Davis,,62,Central,2025-08-10,VIP
CUST00562,Isaac Grant,maurice61@example.com,67,South,2026-02-02,Consumer
CUST00563,Christina Johnston,tiffanymitchell@example.com,54,West,2025-04-30,Consumer
CUST00564,Dr. Steve James,steven22@example.net,18,North,2025-11-08,Consumer
CUST00565,Mark Duncan,millermatthew@example.com,53,Central,2023-12-07,VIP
CUST00566,Derek Newman,pam59@example.net,47,Central,2026-06-22,VIP
CUST00567,Clinton Johnson,ebonyshepard@example.net,48,North,2025-08-17,Consumer
CUST00568,James Davis,bkelley@example.com,25,South,2024-09-28,Consumer
CUST00569,Ashley Montgomery MD,pparker@example.net,31,Central,2023-10-21,Business
CUST00570,Bonnie Roberson,johnsonmichael@example.com,64,West,2026-01-28,Consumer
CUST00571,Seth Donovan,staylor@example.net,,North,2023-05-21,Consumer
CUST00572,Lynn Fields,omills@example.net,61,South,2023-11-27,Consumer
CUST00573,Joshua Ballard,aparker@example.com,39,Central,2023-04-20,Business
CUST00574,Joseph Chang,mauriceharrison@example.org,43,South,2025-05-21,Consumer
CUST00575,Pedro Evans DDS,carla08@example.com,19,Central,2023-06-06,Consumer
CUST00576,Jessica Wright,oclayton@example.com,18,South,2023-01-01,Consumer
CUST00577,Kellie Marsh,justin84@example.com,68,North,2023-06-06,VIP
CUST00578,Chad Rodriguez,rwilliamson@example.net,29,East,2025-02-17,Consumer
CUST00579,Alec Williams,lopezcurtis@example.com,60,West,2023-03-07,VIP
CUST00580,Adam Davis,snydermatthew@example.com,42,Central,2025-10-08,Business
CUST00581,Mr. Michael Johnson Jr.,brianrowe@example.org,72,West,2024-10-26,VIP
CUST00582,Steven Wright,hclayton@example.net,69,East,2023-09-01,VIP
CUST00583,Jessica Rojas,gonzalezjill@example.org,38,North,2024-09-24,Consumer
CUST00584,Mrs. Melanie Collins,eric08@example.net,62,South,2023-03-03,VIP
CUST00585,Mr. Isaac Williams,teresayoung@example.com,54,West,2023-12-18,Business
CUST00586,Donald Wilson,albertwilliams@example.net,62,South,2024-07-21,VIP
CUST00587,Jacqueline Davis,vincentparks@example.com,29,East,2026-05-04,Business
CUST00588,Lori Brown DDS,martinezjesse@example.net,18,West,2025-10-12,Consumer
CUST00589,Renee Gonzales,andrewgray@example.net,53,Central,2023-03-21,Business
CUST00590,Karina Kim,amy73@example.net,63,West,2023-06-04,Business
CUST00591,Nicholas Hill,caseymoore@example.com,68,South,2025-11-25,Consumer
CUST00592,Jordan Parsons,,36,South,2024-09-03,Business
CUST00593,Sonya Harvey,kimberly35@example.net,49,Central,2022-12-09,VIP
CUST00594,Sabrina Lee,jcannon@example.net,67,Central,2023-10-20,Consumer
CUST00595,Frank Davis,williamssharon@example.org,66,West,2026-02-10,VIP
CUST00596,John Garcia,hbarrett@example.net,65,South,2025-06-09,Consumer
CUST00597,Jacob Obrien,smithsamantha@example.net,,East,2024-08-13,Consumer
CUST00598,Angela Owen,wardjulia@example.com,73,North,2025-11-29,Consumer
CUST00599,Amy Jensen,navarromary@example.org,62,East,2026-05-23,VIP
CUST00600,Anne Hardy,hlopez@example.net,26,South,2023-08-31,Consumer
CUST00601,Cassidy Curry,xreese@example.net,52,East,2024-12-13,VIP
CUST00602,Michele Simmons,jacksonhenry@example.com,63,East,2024-09-01,Consumer
CUST00603,Kimberly Greene,rachel85@example.com,50,North,2024-04-22,Consumer
CUST00604,Samantha Morris,annalewis@example.net,21,East,2026-04-27,Consumer
CUST00605,Tyrone West,csmith@example.com,27,East,2025-01-09,Consumer
CUST00606,Wendy Turner,tracey35@example.org,49,South,2025-09-18,VIP
CUST00607,Samantha Ellison,clintonstevens@example.org,42,West,2023-03-27,Consumer
CUST00608,Kevin Hall,christopher69@example.org,23,West,2025-07-26,VIP
CUST00609,Rebecca Thompson,larsonkevin@example.net,74,East,2025-11-09,Business
CUST00610,Richard Weeks,michael66@example.org,18,North,2026-02-05,Business
CUST00611,Matthew Guzman,walterscrystal@example.org,72,North,2023-11-20,VIP
CUST00612,Joshua Hernandez,ericnunez@example.com,70,South,2026-06-30,Business
CUST00613,Laura Davis,zroberts@example.org,39,Central,2023-03-18,VIP
CUST00614,Kenneth Williams,zbaker@example.net,68,East,2024-05-23,Consumer
CUST00615,Pamela Castillo,,71,West,2023-06-20,Consumer
CUST00616,Kenneth Hoffman,johnadams@example.com,46,West,2023-12-16,Consumer
CUST00617,Ann Powers,mdiaz@example.com,62,South,2024-01-16,Consumer
CUST00618,Patricia Jackson,christina79@example.org,35,North,2024-06-01,Consumer
CUST00619,Cynthia Jennings,katherinefarrell@example.org,75,South,2025-08-03,Consumer
CUST00620,Marc Hernandez,alexander14@example.com,62,South,2024-07-15,Business
CUST00621,Patrick Lewis,ana92@example.net,18,South,2025-06-05,Business
CUST00622,Kevin Alvarado,scottbrian@example.org,51,West,2025-10-13,Consumer
CUST00623,Amy Pena,,25,West,2022-09-21,Consumer
CUST00624,Devon Christian,michelle04@example.net,23,North,2024-03-16,Consumer
CUST00625,Katie Mckinney,todd98@example.org,26,West,2023-06-03,Consumer
CUST00626,Judith House,williamssandra@example.com,22,Central,2023-12-31,VIP
CUST00627,Christopher Reed,,46,East,2024-01-26,Consumer
CUST00628,Cynthia Good,lisa46@example.org,44,Central,2026-05-23,Business
CUST00629,Courtney Peterson,fsandoval@example.net,24,South,2024-03-09,Consumer
CUST00630,Lisa Garrett,robertberry@example.com,45,East,2026-06-29,Consumer
CUST00631,Erin Daniels,denisecarpenter@example.net,33,Central,2025-10-28,VIP
CUST00632,Ellen Thornton,russellstout@example.org,67,North,2025-04-06,Consumer
CUST00633,Brooke Jones,whitemary@example.org,30,West,2025-07-16,Consumer
CUST00634,Sheryl Gutierrez,vturner@example.net,68,South,2026-05-07,Business
CUST00635,Richard Rodriguez,anthonyodom@example.net,58,Central,2023-09-26,Consumer
CUST00636,Crystal Hall,howardhailey@example.com,41,East,2023-03-20,Consumer
CUST00637,Julie Banks,melissahenry@example.org,44,East,2023-05-02,VIP
CUST00638,Jason Novak,stephanie33@example.org,67,North,2022-12-13,Consumer
CUST00639,Victoria Camacho,dwatts@example.org,,South,2024-05-13,Consumer
CUST00640,Lisa Holloway,phillip99@example.net,43,Central,2024-09-30,Consumer
CUST00641,Rachel Meyer,cbryant@example.org,44,West,2024-09-21,Business
CUST00642,Nicholas Grant,leescott@example.com,57,South,2025-09-21,Consumer
CUST00643,Christopher Phillips,vaughnrebecca@example.com,,South,2025-12-10,Consumer
CUST00644,Nathan Wilson,phillipmorris@example.org,58,North,2023-05-23,Consumer
CUST00645,Michelle Harris,udavis@example.net,72,South,2025-03-26,Consumer
CUST00646,Carly Quinn,wilsonshannon@example.com,25,West,2023-01-10,VIP
CUST00647,Monica Hester,nicholasjames@example.org,65,South,2026-04-07,Consumer
CUST00648,Mary Hernandez,,18,South,2026-02-04,Business
CUST00649,Michael Barnes,jessica74@example.net,68,East,2023-05-26,Consumer
CUST00650,Toni Smith,alexander77@example.net,73,East,2025-11-08,Consumer
CUST00651,Katherine Robinson,cchavez@example.org,,West,2025-01-17,Consumer
CUST00652,Stephen Ramirez,brandonhernandez@example.net,54,North,2024-01-22,Business
CUST00653,Andrew Lane,mark10@example.org,49,Central,2024-04-28,Consumer
CUST00654,Michael Carr,tammycurry@example.com,24,Central,2026-05-04,Consumer
CUST00655,Edwin Richardson,wwilkins@example.com,20,North,2025-12-29,Consumer
CUST00656,John Martinez,,27,South,2026-01-21,Consumer
CUST00657,Jason Clark,cherylrodriguez@example.net,65,West,2026-07-12,Consumer
CUST00658,Anita Ramsey,ronald54@example.net,64,East,2024-12-11,Consumer
CUST00659,Tammy Mendez,ostone@example.com,25,Central,2024-08-14,Consumer
CUST00660,Leon Erickson,aaronjohnson@example.net,20,West,2025-10-24,Consumer
CUST00661,Christine Gilbert,vgutierrez@example.com,67,East,2024-11-19,Consumer
CUST00662,Alexandra Harris,jonathan14@example.com,41,South,2024-09-04,Consumer
CUST00663,Aaron Jennings,randy99@example.org,57,South,2025-12-13,Business
CUST00664,Roy Nielsen,zhendricks@example.org,67,South,2025-03-21,VIP
CUST00665,Mr. Steven Herrera,steven60@example.net,18,West,2023-11-12,Consumer
CUST00666,Emily Herrera,barbararivera@example.com,71,North,2022-12-13,Consumer
CUST00667,Ryan Morgan,,72,East,2024-02-28,Consumer
CUST00668,Carol Obrien,brookehancock@example.com,44,West,2025-06-15,Consumer
CUST00669,Andres Gutierrez,xwiley@example.com,35,North,2025-12-09,Consumer
CUST00670,Joseph Thompson,kristen31@example.com,51,West,2024-09-03,Consumer
CUST00671,Susan Moore,sandra84@example.com,55,North,2023-04-03,VIP
CUST00672,Samantha Hurley,jamiejohnson@example.com,22,Central,2025-06-27,VIP
CUST00673,April Randolph,cookpamela@example.org,26,South,2024-09-23,Consumer
CUST00674,Emily Lane,danielle35@example.org,69,West,2023-06-12,Consumer
CUST00675,Francis Alexander,nelsoneric@example.org,22,South,2022-10-01,Consumer
CUST00676,Kayla Clark,andrea42@example.net,27,North,2025-11-03,Consumer
CUST00677,Carolyn Collins,amber02@example.org,25,Central,2024-07-14,Consumer
CUST00678,Ashley Brown,tmyers@example.net,37,West,2026-03-08,Consumer
CUST00679,Melissa Griffin,larry38@example.org,69,East,2026-07-04,VIP
CUST00680,Julie Anderson,,38,South,2025-11-16,Consumer
CUST00681,Julie Bryant,oruiz@example.org,43,Central,2026-01-24,Consumer
CUST00682,Susan Myers,kristina57@example.com,29,North,2022-10-23,Business
CUST00683,Gregory Murray,justinbailey@example.net,53,South,2023-03-11,Consumer
CUST00684,Robert Robles,angela14@example.net,26,North,2024-06-30,Consumer
CUST00685,Cynthia Sanchez,terrireyes@example.com,32,South,2023-07-04,Consumer
CUST00686,Jessica Baird,amy32@example.net,58,North,2025-04-25,VIP
CUST00687,Michelle Copeland,vargassteven@example.net,22,North,2023-01-27,Consumer
CUST00688,Eric Sullivan,jenningscandace@example.com,69,South,2023-12-22,Consumer
CUST00689,Amy Robinson,paigeberger@example.net,39,North,2025-11-11,Consumer
CUST00690,Mary Chavez,peter97@example.org,,Central,2023-07-01,Business
CUST00691,Elizabeth Bauer,samantha65@example.org,19,West,2024-12-21,Business
CUST00692,Kayla Abbott,bryan80@example.org,29,East,2025-06-12,Consumer
CUST00693,Heather Callahan,youngjacqueline@example.com,57,Central,2025-02-20,VIP
CUST00694,Jennifer Graham,elainewells@example.org,44,Central,2024-11-12,Business
CUST00695,Heather Butler,whitney22@example.org,26,West,2022-12-21,Consumer
CUST00696,Nathan Tucker,iproctor@example.org,33,Central,2023-03-25,Consumer
CUST00697,Shannon English,dhanson@example.net,40,West,2024-05-08,VIP
CUST00698,Janice Perez,kjacobs@example.com,54,Central,2026-01-03,Consumer
CUST00699,Jonathan Jenkins,arthur09@example.com,38,Central,2025-06-14,Consumer
CUST00700,John Vaughn,,35,North,2023-04-01,Business
CUST00701,Victoria Terrell,steven18@example.net,32,South,2023-01-14,Consumer
CUST00702,Patrick Horne,suttonamber@example.net,52,North,2023-12-01,Consumer
CUST00703,Greg Osborne,egibson@example.net,42,East,2025-07-26,Consumer
CUST00704,Tyler Yates,gary94@example.net,69,East,2025-10-07,VIP
CUST00705,Mark Lane,,54,Central,2024-12-07,Consumer
CUST00706,Dorothy Mclaughlin,mitchellchristopher@example.net,69,West,2022-12-28,VIP
CUST00707,Darlene Gilbert,michaela01@example.net,23,North,2023-05-17,Consumer
CUST00708,Brittany Griffin,josehaynes@example.com,,West,2023-05-26,Consumer
CUST00709,Amanda Riggs,caitlinunderwood@example.com,69,South,2025-08-22,Consumer
CUST00710,James Guerrero,jasonnavarro@example.com,72,East,2022-11-26,Consumer
CUST00711,Robert Williams,,27,North,2024-07-05,VIP
CUST00712,John Vaughan,noahthornton@example.com,41,West,2023-09-20,VIP
CUST00713,Jessica Roberts,ureyes@example.net,26,South,2025-05-14,Business
CUST00714,Thomas Walsh,pbishop@example.com,59,East,2024-01-02,Consumer
CUST00715,Brett Pena,rmurray@example.net,74,Central,2023-08-22,Consumer
CUST00716,Patricia Meyer,lawrencesmith@example.org,29,West,2025-12-13,Consumer
CUST00717,Brent Garcia,ubell@example.com,29,North,2023-09-05,VIP
CUST00718,Manuel Brown,stephanielittle@example.net,54,North,2026-06-11,Consumer
CUST00719,Larry Bennett,pauladominguez@example.com,57,South,2023-11-05,VIP
CUST00720,Angela Chavez,kayla54@example.org,39,North,2025-10-01,Consumer
CUST00721,Antonio Price,scottlisa@example.org,58,North,2024-06-01,Consumer
CUST00722,Timothy Bishop Jr.,irodriguez@example.com,33,North,2023-07-19,Consumer
CUST00723,Susan Baldwin,johnsonchad@example.net,18,North,2023-09-03,Business
CUST00724,Steven Hernandez,fitzpatrickelizabeth@example.com,28,West,2023-04-14,Business
CUST00725,James Smith,zmendoza@example.net,42,North,2025-10-01,Business
CUST00726,Kimberly Smith,imartinez@example.com,66,South,2023-12-31,Consumer
CUST00727,Anthony Shea,diazmelissa@example.com,20,East,2023-01-03,Consumer
CUST00728,Randall Holland,angelaponce@example.net,22,East,2023-06-10,Consumer
CUST00729,Stephanie Mccoy,tom73@example.org,22,Central,2022-10-31,Consumer
CUST00730,Zachary Allen,ibrown@example.net,75,West,2023-11-24,Consumer
CUST00731,Sandra Cole,johnsonbrian@example.net,56,West,2022-11-10,Consumer
CUST00732,Robert Contreras,,30,West,2024-06-26,VIP
CUST00733,Shelly Hernandez,sandyjohnson@example.org,34,East,2024-08-09,Consumer
CUST00734,Terry Montgomery,jacquelineanderson@example.org,,Central,2025-03-03,VIP
CUST00735,Samantha Davis,marybrown@example.org,41,North,2023-02-20,Business
CUST00736,Lisa Brown,ronaldcain@example.net,58,Central,2025-05-07,Business
CUST00737,William Johnston,marcoconnell@example.org,,South,2025-09-07,Consumer
CUST00738,Gabriela Martinez,katherinejackson@example.com,25,East,2024-11-09,Business
CUST00739,Timothy Williams,moodycrystal@example.com,34,North,2025-09-26,VIP
CUST00740,John Smith,saramann@example.net,42,East,2026-03-02,Consumer
CUST00741,Robert Barton,jamiebowman@example.net,47,East,2024-06-15,Consumer
CUST00742,Christopher Holt,jennifersalazar@example.org,27,North,2025-02-23,Consumer
CUST00743,Hannah Smith,jamesdowns@example.org,44,Central,2025-02-11,Consumer
CUST00744,Victoria Romero,qtownsend@example.org,70,Central,2023-10-10,Business
CUST00745,Robert Jennings,kjimenez@example.net,48,Central,2026-04-22,Consumer
CUST00746,Jackson Clark,matthew70@example.org,,North,2025-08-04,VIP
CUST00747,Casey Floyd,erobertson@example.org,54,Central,2025-07-08,Consumer
CUST00748,Erika Gonzalez,jerry15@example.org,29,South,2023-01-28,Consumer
CUST00749,Sheila Bennett,charlesrichards@example.org,45,North,2026-03-07,Business
CUST00750,Timothy Gibson,dbrooks@example.net,27,Central,2023-06-14,Consumer
CUST00751,Derrick Rogers,schwartzbrian@example.org,69,North,2023-02-15,Consumer
CUST00752,Jason Wolf,oliviamunoz@example.net,38,East,2026-06-04,VIP
CUST00753,Laura Tran,christophervincent@example.com,68,Central,2026-01-25,VIP
CUST00754,John Ford,blairjill@example.org,44,South,2023-08-30,Consumer
CUST00755,Daniel Pennington,robinvillanueva@example.com,24,North,2026-07-13,VIP
CUST00756,John Mack,simmonsphillip@example.net,73,Central,2025-11-28,Consumer
CUST00757,David Hansen,steelerichard@example.org,59,West,2023-03-18,VIP
CUST00758,Matthew Davis,kcaldwell@example.net,,East,2024-06-28,Business
CUST00759,Lauren Bray,tingram@example.com,62,West,2023-06-01,Consumer
CUST00760,Lori Padilla,daltonchad@example.net,62,South,2023-12-30,Consumer
CUST00761,Jeffery Nelson,kristinmiller@example.com,75,East,2025-07-28,Consumer
CUST00762,Tony Leonard,rodriguezmichael@example.net,37,East,2022-11-07,Business
CUST00763,Matthew Bush,devonrogers@example.net,73,South,2023-02-19,Consumer
CUST00764,Todd Carpenter,karenhodges@example.com,67,East,2024-01-27,Consumer
CUST00765,Michael Ramirez,watsonshaun@example.net,23,South,2024-10-02,Business
CUST00766,Michael Gregory,shannon51@example.org,65,West,2026-03-09,VIP
CUST00767,Bobby Hurst,susan11@example.org,50,South,2023-10-09,Consumer
CUST00768,Kathleen Golden,cartertara@example.net,26,Central,2026-05-05,VIP
CUST00769,Jason Rojas,,71,South,2022-10-10,Consumer
CUST00770,Alex Pham,robert55@example.com,41,South,2025-01-06,Consumer
CUST00771,Sarah Wallace,ashley42@example.com,43,North,2023-07-31,Consumer
CUST00772,Dwayne Bruce,michaelbryant@example.org,46,South,2025-02-11,Business
CUST00773,Joseph White,maryschwartz@example.net,28,East,2025-10-20,Consumer
CUST00774,Bruce Chaney,scottwood@example.org,28,Central,2024-11-22,Consumer
CUST00775,Evan Cooper,shane28@example.com,61,South,2023-03-02,Consumer
CUST00776,Timothy Mack,jreilly@example.org,73,North,2026-06-29,Business
CUST00777,Katie Holland,thomas49@example.net,56,North,2023-04-08,Consumer
CUST00778,Susan Ramos,dennisrachel@example.org,37,East,2025-05-07,Business
CUST00779,Alexander Williamson,seandavis@example.org,47,East,2025-01-27,Consumer
CUST00780,Joseph Harrington,james18@example.com,70,Central,2025-05-05,Business
CUST00781,Vanessa Foster,mstewart@example.net,,East,2026-05-22,VIP
CUST00782,Heather Hernandez,xwood@example.org,37,North,2023-10-22,Business
CUST00783,William Sawyer,lewispamela@example.net,58,East,2026-07-31,Consumer
CUST00784,Donna Shaffer,achandler@example.org,75,East,2025-12-18,Consumer
CUST00785,Briana Turner,carl96@example.org,75,North,2022-09-19,VIP
CUST00786,Denise Thompson,wpage@example.org,26,North,2023-06-22,Business
CUST00787,Donna Henry,mary47@example.net,44,West,2025-08-03,Business
CUST00788,Rick Moore,stephanie71@example.net,54,South,2025-04-19,Consumer
CUST00789,Christopher Knox,anthonyhubbard@example.com,52,West,2026-08-02,Consumer
CUST00790,Patrick Perkins,ooneill@example.net,71,Central,2024-07-22,Consumer
CUST00791,Barbara Hunt,brucefrancisco@example.org,65,East,2023-04-07,VIP
CUST00792,Michael Howard,nelsonrobert@example.com,61,East,2022-11-18,Consumer
CUST00793,Mark Jones,katiewhite@example.org,73,East,2025-01-13,Business
CUST00794,Frank Stewart,joseph51@example.net,34,Central,2024-12-18,Consumer
CUST00795,Alexandria Holmes,kimberly65@example.org,21,Central,2023-02-03,VIP
CUST00796,Daniel Lopez,butlersabrina@example.org,,South,2025-11-24,VIP
CUST00797,Karen Collins,don79@example.net,51,East,2025-09-06,Business
CUST00798,Michael Johnson,,26,South,2025-11-18,Consumer
CUST00799,Scott Thomas,kyleclark@example.org,47,South,2024-05-09,Consumer
CUST00800,Ashley Smith,ctodd@example.org,23,West,2023-02-11,Consumer
CUST00801,Kayla Brown,kerrbradley@example.com,58,North,2025-04-22,Consumer
CUST00802,Rachel Mora,brianagonzalez@example.net,67,South,2024-01-26,VIP
CUST00803,Ryan Mcmahon,michael89@example.org,66,North,2024-09-01,Consumer
CUST00804,Robert Hines,jenniferbrandt@example.org,43,West,2026-03-23,Business
CUST00805,Valerie Garcia,samanthayork@example.com,,South,2024-02-16,Consumer
CUST00806,Jessica Rosario,maryzavala@example.com,66,Central,2023-07-13,Consumer
CUST00807,Brian Rollins,,,South,2023-03-05,Consumer
CUST00808,Chad Farmer,angela01@example.com,26,North,2024-08-16,Business
CUST00809,Jesus Fitzgerald,aperez@example.com,22,North,2026-07-20,Consumer
CUST00810,Scott Jacobson,xcrosby@example.org,51,Central,2022-09-28,VIP
CUST00811,Megan Sanders,wilsonralph@example.net,26,East,2025-01-02,Business
CUST00812,Timothy Levine,coxjames@example.org,69,West,2025-01-08,Consumer
CUST00813,Barbara Massey DDS,kathy99@example.com,26,South,2025-08-27,Consumer
CUST00814,Terri Kelly,garcher@example.com,41,North,2023-04-08,Business
CUST00815,Bryan Burns,courtneytaylor@example.org,52,Central,2025-07-31,Consumer
CUST00816,Kathleen Johnson,patrickshelton@example.org,,North,2023-11-17,Consumer
CUST00817,Paige Guerrero,,46,West,2024-09-23,Consumer
CUST00818,John Carter MD,amy88@example.org,27,South,2026-06-04,Consumer
CUST00819,Jeffrey Melendez,ycole@example.com,60,Central,2024-06-28,Consumer
CUST00820,Justin Dalton,nicole27@example.com,44,North,2023-03-21,VIP
CUST00821,Katherine Rodriguez,rkeller@example.net,25,North,2024-12-06,Business
CUST00822,Scott Hunter,lbaker@example.com,34,Central,2025-02-08,Consumer
CUST00823,William Flores,garzadavid@example.com,28,North,2024-01-22,VIP
CUST00824,Alyssa Vance,oscar65@example.com,48,East,2024-04-21,Consumer
CUST00825,David Young,,25,Central,2023-11-30,Business
CUST00826,Michael Melton,morganandrew@example.com,50,North,2022-11-02,Consumer
CUST00827,Jenny Robertson,sadams@example.com,47,East,2024-12-29,Consumer
CUST00828,Mrs. Jeanette Armstrong,rgarcia@example.org,29,North,2024-01-03,Consumer
CUST00829,Pamela Morgan,michael63@example.com,45,North,2025-03-07,Consumer
CUST00830,Angela Jefferson,karlwilliams@example.net,18,South,2024-04-07,Consumer
CUST00831,Patrick Davis,vargasjoshua@example.net,57,East,2025-10-30,Consumer
CUST00832,Daniel Flynn,william46@example.net,25,West,2024-10-21,Business
CUST00833,James Weber,jpowers@example.org,42,West,2026-02-21,Business
CUST00834,Kelli Lopez,vlewis@example.com,25,South,2023-09-28,Consumer
CUST00835,Rhonda Farrell,umichael@example.net,24,West,2022-12-04,VIP
CUST00836,Joel Allen,megan65@example.org,46,South,2025-03-05,VIP
CUST00837,Debra Mitchell,jonathanburke@example.com,19,South,2023-08-17,Business
CUST00838,Alexis Robles,steven86@example.com,44,West,2025-03-23,Consumer
CUST00839,Christopher Taylor,kristine48@example.org,18,Central,2025-03-19,VIP
CUST00840,Nathan Casey,heathchristopher@example.net,60,East,2023-11-10,VIP
CUST00841,Troy Mosley,sandersmary@example.org,24,West,2023-08-13,Consumer
CUST00842,Kathryn Martinez,tyler13@example.net,59,West,2023-03-03,Consumer
CUST00843,Erin Silva,vshaffer@example.org,57,North,2026-05-10,Consumer
CUST00844,Brian Lewis,scott49@example.org,72,West,2024-08-11,Business
CUST00845,Travis Stewart,pwells@example.com,,West,2026-02-19,Consumer
CUST00846,Heidi Baldwin,andrew90@example.net,21,Central,2025-04-14,Consumer
CUST00847,Melissa Mccormick,johnnycruz@example.net,70,South,2026-06-12,Consumer
CUST00848,Robert Martinez,miaprice@example.com,46,North,2026-04-29,Business
CUST00849,Elizabeth Mayer,kennethvillarreal@example.org,49,North,2026-04-12,Consumer
CUST00850,Sherry Wang,rmccormick@example.org,,Central,2025-11-30,Consumer
CUST00851,Kaitlin Gutierrez,jennifer12@example.net,57,East,2023-09-18,VIP
CUST00852,Jason Daniel,shawn00@example.net,47,East,2025-03-16,Consumer
CUST00853,Rachel Taylor,tgonzalez@example.com,72,West,2024-12-11,Consumer
CUST00854,David Reeves,melaniejennings@example.com,48,East,2024-06-17,Business
CUST00855,Brandi Thompson,lauren31@example.com,32,North,2024-02-18,Consumer
CUST00856,James Davenport,andrewjohnson@example.net,69,East,2025-03-24,VIP
CUST00857,Susan Mccann,josechristian@example.org,20,South,2024-04-05,Business
CUST00858,David Davis,george91@example.org,64,West,2025-07-04,Consumer
CUST00859,Thomas Chavez,twilson@example.org,25,West,2023-06-09,Consumer
CUST00860,Rachael Roberts,breyes@example.org,63,East,2025-01-15,Consumer
CUST00861,Diane Byrd MD,bsparks@example.com,,Central,2026-07-07,Consumer
CUST00862,Jerry Wright,emiller@example.org,60,Central,2026-02-08,VIP
CUST00863,Jennifer Lewis,verickson@example.net,51,North,2023-09-11,VIP
CUST00864,Anthony Cook,thomasgomez@example.net,48,Central,2026-05-16,Consumer
CUST00865,Linda Goodman,smithwilliam@example.com,70,South,2023-11-16,Consumer
CUST00866,Jacob Donaldson,carpenterjorge@example.net,74,East,2024-08-15,VIP
CUST00867,John Davis,hthomas@example.com,56,South,2022-11-12,Consumer
CUST00868,Seth Davenport,sara44@example.net,36,West,2025-12-10,Consumer
CUST00869,Kelly Graham,leslievang@example.org,74,Central,2024-11-13,Consumer
CUST00870,Mallory Gonzales,edgarhall@example.org,38,Central,2024-07-13,Consumer
CUST00871,John Wilson,wwilliams@example.net,36,East,2024-11-20,Consumer
CUST00872,Brian Cortez,daviddavis@example.com,29,Central,2023-05-26,VIP
CUST00873,Jordan Nelson,brandybonilla@example.net,25,East,2025-09-11,VIP
CUST00874,Thomas Sanchez,vrhodes@example.org,60,West,2023-10-21,VIP
CUST00875,Mrs. Jacqueline Hickman,hooderic@example.org,69,North,2024-06-29,VIP
CUST00876,Karen Fuller,brooke05@example.org,21,North,2025-04-05,Consumer
CUST00877,Erika Dennis,jasonwilliams@example.net,36,East,2023-10-19,Consumer
CUST00878,Natasha Payne,qdavis@example.org,36,South,2023-08-19,VIP
CUST00879,Jennifer Smith,,24,Central,2023-07-04,VIP
CUST00880,James Holland,davidhenry@example.com,53,West,2025-07-29,Consumer
CUST00881,Stephanie Munoz,elizabeth58@example.org,62,East,2024-08-10,Consumer
CUST00882,Karen Hart,bdavis@example.com,68,East,2025-02-04,VIP
CUST00883,Jeffery Williams,,30,Central,2024-01-12,Business
CUST00884,Danny Parks,sarahrose@example.net,63,East,2024-09-29,VIP
CUST00885,Jeffrey Solomon,ievans@example.net,67,South,2026-03-25,Consumer
CUST00886,Kelly Phillips,arnoldsamantha@example.net,22,South,2023-02-11,Consumer
CUST00887,Brandon Guerrero,michael91@example.net,20,West,2022-10-03,Consumer
CUST00888,Julie Hartman,awilliams@example.net,55,East,2023-11-09,Consumer
CUST00889,Jordan Santiago,matthew23@example.org,27,North,2022-12-30,Consumer
CUST00890,Mrs. Megan Hamilton,smithdarryl@example.org,67,Central,2025-04-05,Consumer
CUST00891,Jared Sandoval,nturner@example.com,40,North,2025-05-25,Consumer
CUST00892,Megan Ballard,martinezalexander@example.org,51,North,2025-11-20,VIP
CUST00893,Chelsea Johnson,pwong@example.org,43,North,2024-05-25,Consumer
CUST00894,Rachel Lee,kayla27@example.com,39,East,2022-10-11,Consumer
CUST00895,Christian Park,cruiz@example.net,57,Central,2023-08-23,Business
CUST00896,Ronald Myers,alan66@example.com,59,North,2025-07-30,Consumer
CUST00897,Kristen Roberts,gross@example.net,75,Central,2025-07-12,VIP
CUST00898,Susan Dillon,jenniferrice@example.com,,East,2024-12-12,Business
CUST00899,Debra Wong,nwilson@example.net,42,East,2024-01-19,VIP
CUST00900,Alisha Roberts,taylorkim@example.net,,Central,2023-07-21,Consumer
CUST00901,Gina Guzman,sanderson@example.net,49,North,2025-06-23,Consumer
CUST00902,Sandra Nunez,laura29@example.org,50,North,2023-10-19,Consumer
CUST00903,Mary Anderson,ericvasquez@example.com,52,Central,2026-05-21,Consumer
CUST00904,David Hawkins DVM,nicole52@example.org,58,South,2025-12-07,Business
CUST00905,Amanda Brown,owilson@example.org,71,West,2024-11-22,Consumer
CUST00906,Dr. Richard Hammond,paula89@example.net,47,East,2023-02-06,Consumer
CUST00907,Tracy Lloyd,villegaskimberly@example.net,,East,2025-10-03,VIP
CUST00908,Samantha Williams,jacksondavid@example.org,34,West,2026-04-05,Business
CUST00909,Edgar Alexander,goconnor@example.org,38,North,2025-03-23,Business
CUST00910,Chad Allison,xmontes@example.org,59,Central,2023-08-27,Consumer
CUST00911,Gloria Wagner,adamsjennifer@example.com,62,North,2024-02-08,Consumer
CUST00912,Brittany Molina,icobb@example.com,68,East,2024-04-23,VIP
CUST00913,Jimmy Phelps,sherry72@example.org,46,West,2025-07-02,Business
CUST00914,Andrea Morgan,kholden@example.com,,South,2022-12-06,VIP
CUST00915,Mary May,levinetina@example.net,68,Central,2026-02-14,Consumer
CUST00916,Jennifer Blackwell,jennifer55@example.org,61,East,2025-12-06,Consumer
CUST00917,Lisa Thomas,ngriffin@example.net,25,North,2025-02-19,Consumer
CUST00918,Jessica Reed,trowe@example.org,53,North,2022-11-01,Consumer
CUST00919,Neil Singh,abigailfernandez@example.org,64,East,2023-01-20,Consumer
CUST00920,Kelly Sherman,andrewzamora@example.net,50,South,2025-01-04,Consumer
CUST00921,Raymond Barber,dennismckenzie@example.com,34,South,2025-02-23,Consumer
CUST00922,Anthony Curtis,westashley@example.org,72,North,2024-06-19,VIP
CUST00923,Dr. Virginia Cunningham,michaelmitchell@example.net,36,North,2024-12-07,Consumer
CUST00924,James Mclaughlin,murphybrandi@example.com,49,East,2024-06-21,Consumer
CUST00925,Jeffery Jenkins,brownpamela@example.com,24,East,2023-07-14,VIP
CUST00926,Michael Powell,lwiggins@example.com,49,West,2025-03-08,Consumer
CUST00927,Melissa Gould PhD,jcolon@example.net,55,South,2023-03-10,VIP
CUST00928,Beverly Bush,bensonstanley@example.org,45,South,2025-08-13,Consumer
CUST00929,Jaclyn Crane,xrodriguez@example.net,63,West,2023-10-29,Consumer
CUST00930,Autumn Torres,kevin70@example.org,64,East,2023-04-01,Business
CUST00931,Amber Shannon,jason70@example.org,37,West,2024-11-01,VIP
CUST00932,Andrew Olson,ariel56@example.com,23,East,2025-12-17,Consumer
CUST00933,Brandi Taylor,qgill@example.com,64,North,2023-04-11,Consumer
CUST00934,Ann Weber,zhughes@example.com,58,North,2024-10-23,VIP
CUST00935,Stacy Fitzgerald,clinejasmine@example.net,31,North,2025-02-27,VIP
CUST00936,Ellen Brewer,leechristine@example.net,52,West,2025-08-29,Consumer
CUST00937,Kelly Christensen,martinezsharon@example.org,67,Central,2026-06-18,Consumer
CUST00938,Daniel Gallegos,imiller@example.net,23,West,2023-12-12,Consumer
CUST00939,Katherine Peck,samuel60@example.net,72,Central,2023-12-08,Consumer
CUST00940,Brian Garcia,justinwhite@example.org,28,South,2023-04-18,VIP
CUST00941,Meghan Brown,howard04@example.com,27,West,2023-01-29,Consumer
CUST00942,Steven Scott,,32,North,2026-05-19,Consumer
CUST00943,Amber Allen,trevorgoodwin@example.com,,South,2026-05-30,VIP
CUST00944,Fernando Tran,washingtonrick@example.org,48,West,2026-04-09,Consumer
CUST00945,Julian Willis,,24,Central,2023-02-02,Consumer
CUST00946,Marisa Martinez,ogriffin@example.net,52,Central,2023-06-28,Consumer
CUST00947,Jacqueline Galloway,amandahenderson@example.net,55,North,2024-06-17,VIP
CUST00948,John Calderon,denise20@example.org,32,Central,2026-05-07,Business
CUST00949,Mr. Ryan James,megan39@example.net,49,West,2023-10-17,VIP
CUST00950,Joseph Jones,,46,South,2023-01-16,Consumer
CUST00951,Sandra Hardy,natalie39@example.net,31,South,2026-06-11,Consumer
CUST00952,Michael Cooper,tiffany74@example.org,70,North,2025-04-14,Consumer
CUST00953,Daniel Haley,allen20@example.net,25,West,2024-07-22,Business
CUST00954,Megan Gutierrez,ifarmer@example.org,59,West,2025-10-10,Consumer
CUST00955,Angela Johnson,wchambers@example.com,55,South,2025-12-07,Consumer
CUST00956,Christopher Tate,martinezmitchell@example.org,,Central,2024-06-07,Consumer
CUST00957,Alejandro Campbell,,29,Central,2026-04-20,Business
CUST00958,Brandon Austin,lindsey33@example.com,19,East,2026-06-25,Consumer
CUST00959,Johnathan Padilla,adrianjoyce@example.net,48,West,2024-03-29,Consumer
CUST00960,Laura Snyder,donnaknight@example.net,27,Central,2025-01-19,Consumer
CUST00961,Kevin Reese,jordanhudson@example.org,28,East,2026-02-21,Business
CUST00962,Denise Abbott,braunheather@example.net,,West,2025-02-05,Business
CUST00963,Sonya Smith,pdavidson@example.org,,Central,2026-01-13,VIP
CUST00964,Ryan Russell,fraziersteven@example.com,56,North,2024-09-19,Consumer
CUST00965,Nathan Williams,upatel@example.org,20,Central,2024-03-23,VIP
CUST00966,Spencer Aguirre,tiffanycoleman@example.org,60,South,2026-04-14,VIP
CUST00967,Gary Brown,johnsonryan@example.org,,West,2025-01-04,VIP
CUST00968,Felicia Wright,wellssusan@example.org,62,Central,2025-11-28,Business
CUST00969,Cynthia Jones,oduran@example.com,68,West,2024-12-16,Consumer
CUST00970,Antonio Johnson,pamela12@example.org,66,Central,2026-04-17,Consumer
CUST00971,Eric Sims,garciabrian@example.org,67,South,2023-11-06,Consumer
CUST00972,Brendan Walton,michellecobb@example.net,44,East,2022-09-25,Consumer
CUST00973,Robert Hobbs,,18,Central,2025-02-12,VIP
CUST00974,Timothy Logan,lholmes@example.org,,South,2023-02-11,Consumer
CUST00975,Micheal Watkins,rebeccamartinez@example.net,45,Central,2023-09-11,Consumer
CUST00976,Nathaniel Wallace,devinwilliams@example.org,54,East,2023-11-29,VIP
CUST00977,Tyler Webster,brandy82@example.org,66,South,2024-07-12,Business
CUST00978,Donna Cordova,brianhunter@example.net,29,East,2026-01-20,VIP
CUST00979,Craig Gonzalez,kristenpeterson@example.net,37,Central,2024-07-21,Consumer
CUST00980,Julie Schwartz,christina65@example.org,26,North,2023-02-07,Consumer
CUST00981,Susan Crawford,fowlerheather@example.com,28,North,2025-02-18,Consumer
CUST00982,Nicholas Cisneros,lindsay63@example.com,69,Central,2023-05-31,VIP
CUST00983,Heidi Jones MD,thomasscott@example.net,28,West,2024-12-26,Consumer
CUST00984,Amanda Johnson,justinrobinson@example.com,48,Central,2025-07-04,Business
CUST00985,Julian White,thompsonjose@example.org,41,North,2022-10-10,VIP
CUST00986,Jamie Cobb,,43,Central,2023-02-15,VIP
CUST00987,Elizabeth Allen,donna89@example.com,21,South,2026-02-17,Business
CUST00988,Charles Glass,jamesgray@example.com,60,Central,2023-12-08,Consumer
CUST00989,Mark Mccall,melissaphillips@example.org,50,Central,2023-12-22,Consumer
CUST00990,Robert Salas,fclark@example.com,41,South,2025-10-15,Consumer
CUST00991,Carol Hughes,victor72@example.com,35,West,2025-06-25,Consumer
CUST00992,Karen Sosa,zadams@example.net,30,Central,2026-04-20,Consumer
CUST00993,Amanda Robinson,shannonyoung@example.org,,North,2023-11-21,VIP
CUST00994,Laura Walls,jonathan12@example.org,55,East,2023-11-06,Consumer
CUST00995,Crystal Williams,ronald76@example.com,56,South,2024-02-17,Business
CUST00996,Mr. Alexander Alexander III,howardchristopher@example.net,34,South,2024-09-12,Business
CUST00997,Rachel House,wilsonmichael@example.net,50,East,2023-06-23,Consumer
CUST00998,Gary Turner,james92@example.net,34,Central,2025-08-03,VIP
CUST00999,Alexa Evans,krista66@example.net,42,Central,2025-08-29,Business
CUST01000,Matthew Hays,michelleperez@example.net,67,West,2025-08-17,Business
CUST01001,Jose Hartman,dsharp@example.com,48,North,2025-10-17,Consumer
CUST01002,Cole Carrillo,cclark@example.net,32,South,2022-10-23,Consumer
CUST01003,Shane Torres,porterdonna@example.com,52,North,2024-01-09,Consumer
CUST01004,Michael Powell,mark09@example.org,61,East,2026-04-21,Consumer
CUST01005,Troy Rivera,nbaird@example.com,38,East,2022-12-10,Consumer
CUST01006,John Murphy,tfowler@example.org,65,South,2023-05-13,Business
CUST01007,Cassandra Serrano,mjohnson@example.org,33,East,2026-04-06,Consumer
CUST01008,Daniel Carter,gibsonmiguel@example.org,71,Central,2023-05-13,Consumer
CUST01009,Jennifer Moore,andersonrobert@example.net,23,West,2022-12-17,VIP
CUST01010,Sharon Anderson,,20,West,2023-07-01,Consumer
CUST01011,Michael Wells,briana87@example.com,74,Central,2023-06-25,Consumer
CUST01012,Jill Summers DDS,aliciakent@example.com,50,East,2024-06-29,Business
CUST01013,Nancy Roberts,treed@example.com,21,Central,2024-03-22,Business
CUST01014,Sarah Perry,rachelquinn@example.com,50,East,2024-03-13,Business
CUST01015,Melissa Davis,allenmonica@example.com,47,North,2026-02-23,VIP
CUST01016,Mary Jones,reginajenkins@example.net,18,South,2023-03-02,Business
CUST01017,Pedro Gordon,robert24@example.org,57,East,2024-09-03,Consumer
CUST01018,Benjamin Neal,vjames@example.com,48,Central,2026-01-16,Consumer
CUST01019,Adam Wilson,markgoodman@example.com,31,West,2024-07-01,Consumer
CUST01020,Matthew Reeves,rtaylor@example.org,46,South,2023-05-12,VIP
CUST01021,Brian Phillips,qjackson@example.org,32,North,2025-05-06,Consumer
CUST01022,Hunter Robinson,staffordamanda@example.com,72,West,2025-06-03,Consumer
CUST01023,Robin Davidson,myerskyle@example.org,27,West,2025-01-13,Consumer
CUST01024,James Harris,nicholasallen@example.org,75,Central,2022-10-02,VIP
CUST01025,Adrian Hoover,walkernicole@example.net,37,East,2023-05-08,VIP
CUST01026,Jason Rodriguez,marcus39@example.org,,North,2026-05-09,Consumer
CUST01027,Jeffrey Hall,kellyglenn@example.com,48,North,2025-04-02,Business
CUST01028,Daniel Robinson,debra50@example.org,41,Central,2026-02-28,VIP
CUST01029,Randall Porter,marquezkylie@example.net,19,West,2023-05-13,Consumer
CUST01030,Lindsay Jarvis,xgregory@example.net,56,South,2023-03-19,VIP
CUST01031,Philip Watts,bjones@example.net,29,East,2026-04-07,Consumer
CUST01032,Jorge Harmon,hallchristina@example.org,67,West,2023-11-25,Consumer
CUST01033,Nicole Harvey,taylorvictor@example.org,58,South,2023-04-15,Consumer
CUST01034,Andrew Mclean,vstevenson@example.org,44,Central,2023-10-12,VIP
CUST01035,Paige Meyer,swong@example.org,23,South,2023-08-03,Consumer
CUST01036,Grace Harris,knoxelizabeth@example.org,36,East,2025-10-30,VIP
CUST01037,Courtney Salas,isaiah01@example.com,46,East,2022-12-19,VIP
CUST01038,Mark Thomas,davidthompson@example.net,28,South,2025-12-12,Consumer
CUST01039,Cynthia Miller,ucollins@example.org,34,North,2023-08-26,Consumer
CUST01040,David Mitchell,mfaulkner@example.com,22,West,2026-01-26,VIP
CUST01041,Dr. Ian Gray,,51,North,2024-07-14,Consumer
CUST01042,Leon Hamilton,lorileon@example.org,59,West,2025-09-04,Consumer
CUST01043,Bradley Knox,brooke28@example.net,46,South,2023-05-19,Consumer
CUST01044,Eric Campbell,ijones@example.net,20,East,2024-07-12,Consumer
CUST01045,Colton Smith,travis66@example.net,73,Central,2024-02-25,Consumer
CUST01046,Martin Chapman MD,riddledavid@example.net,62,Central,2023-04-30,Consumer
CUST01047,Tina Wise,william75@example.net,65,Central,2022-12-01,Business
CUST01048,Jeff Wright,xjohnson@example.net,37,East,2025-06-17,Business
CUST01049,Max Hernandez,jblackburn@example.com,46,East,2023-08-30,Consumer
CUST01050,Mary Martin,wisedawn@example.com,18,North,2024-04-01,VIP
CUST01051,Stephanie Stone,nancymartin@example.com,40,East,2023-09-06,Business
CUST01052,Walter Barrett,uwillis@example.com,49,West,2025-08-21,Consumer
CUST01053,Sheila Rodriguez,,36,Central,2024-12-07,Consumer
CUST01054,Robin Adams,sarahsanders@example.com,30,West,2022-09-19,VIP
CUST01055,John Davis,pwarren@example.com,63,West,2025-07-24,Business
CUST01056,James Padilla,tomshaw@example.org,,South,2024-06-15,VIP
CUST01057,Charlene Brown,lisalee@example.com,69,East,2024-06-01,Consumer
CUST01058,Ashley Fields,carternicholas@example.com,35,West,2022-12-10,Consumer
CUST01059,David Washington,smithjoseph@example.org,36,North,2025-04-19,Business
CUST01060,Amanda Clark,bennettabigail@example.com,57,West,2026-05-05,Consumer
CUST01061,George Jordan,evelyn55@example.org,52,North,2026-05-18,Consumer
CUST01062,Jamie Brown,morgan10@example.com,26,West,2026-02-06,Consumer
CUST01063,Russell Buckley,guzmanmisty@example.com,49,South,2026-06-01,Consumer
CUST01064,Danielle Hayes,qrobertson@example.org,49,East,2022-09-14,Business
CUST01065,Teresa Morris,morgan57@example.org,,North,2025-01-25,Consumer
CUST01066,Lonnie Miller,,22,Central,2024-05-14,Business
CUST01067,Tara Hatfield,navarrokelly@example.org,34,West,2025-06-24,Consumer
CUST01068,Sherri Glover,andersonlaura@example.com,33,West,2025-12-14,Business
CUST01069,Victoria Owens DVM,olsonamber@example.org,30,West,2023-07-09,Consumer
CUST01070,Mary Davis,bholder@example.org,48,West,2026-05-01,Consumer
CUST01071,James Ramirez,elizabeth12@example.net,64,North,2025-03-04,VIP
CUST01072,Robert Cook II,schneidernicholas@example.net,58,East,2025-08-08,Consumer
CUST01073,Martha Glover,ostokes@example.com,,South,2023-02-22,Consumer
CUST01074,Brandon Yang,juliewilson@example.com,18,South,2023-03-11,Consumer
CUST01075,James Mclaughlin,bryan83@example.com,33,North,2026-07-13,Consumer
CUST01076,Jacob Shelton,aprilguzman@example.org,62,Central,2023-02-09,Consumer
CUST01077,Samuel Stewart,mary77@example.org,28,West,2025-01-17,Consumer
CUST01078,Maurice Solis,georgekyle@example.net,66,North,2023-03-05,Consumer
CUST01079,Michelle Mendoza DVM,ycarter@example.org,52,North,2026-07-15,Consumer
CUST01080,Ronald Clark,isabellawilliams@example.org,53,East,2026-01-18,Business
CUST01081,Elizabeth Briggs,vickiekelley@example.com,,West,2024-05-06,Consumer
CUST01082,Gregory Myers,rosejustin@example.net,20,West,2026-04-22,Business
CUST01083,Kimberly Davis,karen90@example.net,49,South,2023-11-19,VIP
CUST01084,Laura Ramos,jcarter@example.org,64,West,2023-07-19,Consumer
CUST01085,Nancy Smith,gregoryvanessa@example.org,73,Central,2024-03-01,Consumer
CUST01086,Miss Carol Brown,terri20@example.org,36,East,2026-07-13,VIP
CUST01087,Leslie Booker,hsanchez@example.org,,Central,2024-03-30,Business
CUST01088,Kyle Thompson,yparsons@example.net,57,East,2025-04-09,VIP
CUST01089,Sharon Santos,cynthia75@example.org,60,Central,2023-02-28,Business
CUST01090,John Barnett,andrewberry@example.net,67,Central,2024-07-27,Consumer
CUST01091,Anna Watkins,pwashington@example.net,59,East,2024-05-22,Consumer
CUST01092,Ariana Brown,richardhaynes@example.com,20,South,2024-11-13,Consumer
CUST01093,Robin Freeman,molinajared@example.net,49,South,2026-03-17,Consumer
CUST01094,Kyle White,,42,West,2024-11-11,VIP
CUST01095,Barbara Anderson,denisemiller@example.com,21,East,2026-01-10,Consumer
CUST01096,William Hunter,tammy26@example.net,,South,2022-09-10,Business
CUST01097,Tracy Stone,donna72@example.net,47,North,2024-08-11,Consumer
CUST01098,Thomas Shea,haileybates@example.org,44,East,2023-08-15,Consumer
CUST01099,Elijah Wall,carrierobinson@example.com,20,North,2023-10-11,Consumer
CUST01100,Jennifer Pierce,patrick26@example.com,51,North,2023-01-07,Consumer
CUST01101,Jeffery Neal,chadoconnor@example.net,30,South,2025-06-03,VIP
CUST01102,Jacob Sandoval,roberthernandez@example.com,29,Central,2024-03-05,VIP
CUST01103,Danielle Nelson,suttonrichard@example.com,58,Central,2025-03-14,Consumer
CUST01104,Gavin Nelson,joshuagarcia@example.org,45,North,2024-03-04,Consumer
CUST01105,Timothy Thompson,brianna71@example.net,50,East,2024-01-22,Consumer
CUST01106,Diane Nelson,mosleygeorge@example.com,40,East,2023-05-26,VIP
CUST01107,Megan Kramer,iwoods@example.com,41,West,2022-09-23,Business
CUST01108,Brittney Martinez,rbradley@example.org,33,Central,2026-04-16,VIP
CUST01109,Jacqueline Waters,lmann@example.com,65,East,2026-07-22,Consumer
CUST01110,Kathryn Hill,tmeyer@example.org,43,North,2023-11-20,Consumer
CUST01111,Theresa Russell,megan11@example.net,51,South,2023-08-19,Consumer
CUST01112,Kenneth Miller,,31,East,2023-10-24,Consumer
CUST01113,Rhonda Smith,urhodes@example.org,70,East,2024-07-27,VIP
CUST01114,Yolanda Barron,sullivanchristina@example.net,54,South,2022-09-20,Consumer
CUST01115,Joseph Reed,,26,East,2026-08-02,Consumer
CUST01116,Tami Kidd,lawsontami@example.net,34,East,2026-05-03,Consumer
CUST01117,Stephanie Thompson,mary85@example.org,31,North,2024-05-06,Consumer
CUST01118,James Wilson,marierosales@example.org,70,Central,2023-10-30,Consumer
CUST01119,Mr. Aaron Welch,trobinson@example.net,64,Central,2024-09-16,Business
CUST01120,Taylor Stafford,abrown@example.net,,East,2024-06-29,Consumer
CUST01121,Brian Bailey,richardsmith@example.com,73,North,2024-08-14,Consumer
CUST01122,Jose Hernandez,gentryadam@example.net,18,West,2023-09-02,Consumer
CUST01123,James Diaz,amandaadams@example.com,,Central,2025-04-06,VIP
CUST01124,Charles Burgess,howardmonica@example.org,32,South,2023-02-15,Consumer
CUST01125,Casey Fisher,rachel23@example.com,46,Central,2026-06-14,VIP
CUST01126,Mrs. Katherine Simpson,markduran@example.com,36,West,2024-08-28,Consumer
CUST01127,Sarah Price,rosariolaura@example.org,54,North,2023-04-20,VIP
CUST01128,Pamela Young,russell90@example.com,50,West,2024-07-28,Consumer
CUST01129,Bradley Patterson,jessicalopez@example.com,30,West,2025-09-11,Business
CUST01130,Wendy Wright,tgonzalez@example.org,57,Central,2025-06-09,Consumer
CUST01131,Catherine Riddle,jeromeanderson@example.org,45,East,2023-10-06,VIP
CUST01132,Charles Smith,christopherwilliams@example.com,45,East,2024-09-30,Consumer
CUST01133,Veronica Walker,gmendoza@example.com,59,North,2025-03-19,Consumer
CUST01134,Derrick Ramirez,jennifer35@example.org,70,West,2023-05-28,VIP
CUST01135,Matthew Morris,thomas91@example.com,,South,2023-06-01,Consumer
CUST01136,Heidi Torres,caldwellfelicia@example.org,64,North,2023-12-27,Consumer
CUST01137,Heather Maxwell,john43@example.net,57,South,2024-03-12,Consumer
CUST01138,Bianca Newton,,25,East,2023-03-01,Business
CUST01139,Susan Pena,jamesgriffin@example.org,65,Central,2022-12-26,Consumer
CUST01140,Grace Swanson,amandahernandez@example.org,34,Central,2023-06-11,Business
CUST01141,Dawn Wiley,patricia71@example.com,62,North,2022-12-15,Business
CUST01142,Timothy Gordon,jacksonjoshua@example.org,20,East,2023-10-29,Consumer
CUST01143,Amy Compton,joysanders@example.net,62,Central,2024-10-10,Consumer
CUST01144,Angela Kim,,18,North,2024-09-07,Business
CUST01145,Jeanette Lawson,jackmoore@example.org,60,East,2025-01-04,Consumer
CUST01146,Timothy Hunt,,59,West,2024-08-30,Consumer
CUST01147,Deanna Phelps,jeanette81@example.org,63,North,2023-07-27,Consumer
CUST01148,Dorothy Bowman,sara40@example.net,23,South,2026-07-13,Consumer
CUST01149,Christine Wilson DDS,mark84@example.net,63,North,2023-03-20,Consumer
CUST01150,Elizabeth Galloway,hollowayjeffrey@example.com,39,West,2023-05-20,Business
CUST01151,Kimberly Irwin,sharphailey@example.net,,East,2023-09-13,Consumer
CUST01152,Lindsey Harris,rwalker@example.org,50,East,2024-12-20,Consumer
CUST01153,Nicole Moore,jessicahamilton@example.org,74,North,2026-03-24,VIP
CUST01154,Christopher Lopez,jacobhenry@example.net,39,West,2023-05-26,Consumer
CUST01155,Eric Mcclure,mmcdaniel@example.org,61,Central,2023-04-03,Consumer
CUST01156,Jesse Brewer,hgarcia@example.org,45,East,2025-07-16,VIP
CUST01157,Lindsey Gray,rodriguezalexander@example.net,31,South,2026-05-09,VIP
CUST01158,Randy Adams,sparksalbert@example.org,73,South,2024-10-25,Consumer
CUST01159,Sarah Miller,timothyhart@example.com,26,West,2025-11-19,Consumer
CUST01160,John Sanchez,courtney10@example.org,28,East,2023-02-04,Consumer
CUST01161,Jorge Copeland,aaronwalker@example.org,25,South,2024-05-13,Consumer
CUST01162,Matthew Perez,tmcdaniel@example.org,19,East,2024-08-13,Business
CUST01163,Courtney Huber MD,gilbertdavid@example.org,65,East,2026-03-14,Consumer
CUST01164,Cassandra Moreno,erinhernandez@example.net,29,North,2025-05-20,VIP
CUST01165,Donna Hutchinson,sabrina54@example.net,57,South,2025-10-26,VIP
CUST01166,Shannon Spence,lukemyers@example.net,40,North,2025-10-24,Business
CUST01167,Robin Wilson,rmoyer@example.org,48,East,2023-01-17,Consumer
CUST01168,Catherine Cruz MD,aolson@example.net,26,South,2025-10-19,Consumer
CUST01169,Robert Valdez,patrickdunn@example.net,18,East,2024-10-12,Business
CUST01170,Samantha Cruz,xrose@example.net,30,South,2025-11-13,Consumer
CUST01171,Brandon Ward,victoriasmith@example.net,46,Central,2024-07-19,Business
CUST01172,Brian Pruitt,melinda24@example.com,74,South,2023-04-04,Business
CUST01173,Valerie Durham,jasonwalker@example.net,,West,2023-03-26,Consumer
CUST01174,Michele Bennett,hortonroger@example.org,54,Central,2025-06-09,VIP
CUST01175,Angela Monroe,anthonydiaz@example.org,68,North,2023-08-26,VIP
CUST01176,Ronald Butler,terrytaylor@example.net,74,North,2025-06-05,Consumer
CUST01177,Jason Rogers,mitchelleric@example.net,65,North,2022-10-25,VIP
CUST01178,Kathy Smith,dfrazier@example.net,21,South,2025-06-24,Consumer
CUST01179,Kenneth Torres,rodneymoore@example.org,67,East,2024-09-25,Business
CUST01180,Beth Lewis,robinsonisaiah@example.net,21,Central,2026-07-07,Consumer
CUST01181,Angela Schwartz,pedwards@example.com,23,Central,2025-12-06,Consumer
CUST01182,Robert Lucas,josephgarcia@example.com,75,Central,2025-01-20,Consumer
CUST01183,Alyssa Campbell,jonescarla@example.com,19,South,2023-06-05,Business
CUST01184,Timothy Allen,davilaannette@example.net,30,West,2026-07-22,Consumer
CUST01185,Mr. Brandon Parker,karen68@example.org,63,South,2023-12-04,Consumer
CUST01186,Henry Anderson,riverapeggy@example.net,58,East,2023-02-01,Consumer
CUST01187,Brittany Matthews,cwoods@example.com,68,Central,2023-04-28,VIP
CUST01188,Angela Garrett,nicoleaguirre@example.net,42,North,2023-03-30,Consumer
CUST01189,Wendy Mason,seth25@example.com,60,South,2024-02-07,Consumer
CUST01190,Jessica Macdonald,nallen@example.net,63,North,2022-12-26,Business
CUST01191,Mark Jimenez,thomasmonica@example.net,46,East,2026-02-02,Consumer
CUST01192,Stephanie Porter,sedwards@example.org,30,North,2022-12-16,VIP
CUST01193,Heather Jones,escott@example.com,,West,2025-09-06,Business
CUST01194,Thomas Case,swilliams@example.com,,West,2024-04-17,Consumer
CUST01195,Melanie Alexander,nathaniel68@example.com,47,West,2023-09-21,Business
CUST01196,Melanie Oliver,figueroajohn@example.net,33,Central,2022-09-21,Consumer
CUST01197,Donna Moore,onash@example.com,70,South,2026-02-11,Consumer
CUST01198,Hannah Mcdonald,lrodriguez@example.net,,East,2023-02-12,Consumer
CUST01199,Jennifer Hamilton,umurphy@example.com,,Central,2026-08-05,VIP
CUST01200,Dr. John Ramirez,gardnerstacy@example.org,21,North,2025-03-14,Business
CUST00366,Cynthia Vasquez,kaufmandouglas@example.com,66,North,2023-01-21,VIP
CUST00331,Raymond Oconnor,sreid@example.com,43,Central,2026-01-08,Consumer
CUST00583,Jessica Rojas,gonzalezjill@example.org,38,North,2024-09-24,Consumer
CUST01173,Valerie Durham,jasonwalker@example.net,,West,2023-03-26,Consumer
CUST01152,Lindsey Harris,rwalker@example.org,50,East,2024-12-20,Consumer
CUST00364,Rebecca Hernandez,ijohnson@example.com,59,East,2025-03-08,Consumer
CUST00933,Brandi Taylor,qgill@example.com,64,North,2023-04-11,Consumer
CUST01186,Henry Anderson,riverapeggy@example.net,58,East,2023-02-01,Consumer
CUST00738,Gabriela Martinez,katherinejackson@example.com,25,East,2024-11-09,Business
CUST00074,Nicholas Sheppard,christina87@example.com,62,South,2024-05-25,VIP
CUST00191,Matthew Mitchell,glennmartin@example.org,63,East,2025-10-27,VIP
CUST00613,Laura Davis,zroberts@example.org,39,Central,2023-03-18,VIP
CUST00662,Alexandra Harris,jonathan14@example.com,41,South,2024-09-04,Consumer
CUST00755,Daniel Pennington,robinvillanueva@example.com,24,North,2026-07-13,VIP
CUST00777,Katie Holland,thomas49@example.net,56,North,2023-04-08,Consumer
CUST00139,Donald Schultz,oscar98@example.com,59,East,2024-06-20,VIP
CUST00876,Karen Fuller,brooke05@example.org,21,North,2025-04-05,Consumer
CUST01128,Pamela Young,russell90@example.com,50,West,2024-07-28,Consumer
CUST00133,Sergio Murphy,kristinacarlson@example.com,43,South,2026-01-20,Consumer
CUST00600,Anne Hardy,hlopez@example.net,26,South,2023-08-31,Consumer
CUST00965,Nathan Williams,upatel@example.org,20,Central,2024-03-23,VIP
CUST00276,Katherine Stark,warrenmary@example.org,39,South,2026-05-24,Consumer
CUST00250,Brittany Murphy,nwilson@example.net,60,North,2024-12-22,Consumer
CUST00563,Christina Johnston,tiffanymitchell@example.com,54,West,2025-04-30,Consumer
CUST00675,Francis Alexander,nelsoneric@example.org,22,South,2022-10-01,Consumer
CUST01080,Ronald Clark,isabellawilliams@example.org,53,East,2026-01-18,Business
CUST00848,Robert Martinez,miaprice@example.com,46,North,2026-04-29,Business
CUST01075,James Mclaughlin,bryan83@example.com,33,North,2026-07-13,Consumer
CUST00430,Lindsay Guerrero,jenniferrios@example.com,35,East,2023-09-16,Consumer
CUST00429,Frederick Hill,jacob83@example.org,48,East,2025-11-05,VIP
CUST00120,Amanda Diaz,christopherphillips@example.net,64,South,2024-04-26,Business
CUST00224,Katrina Burns,thomas05@example.com,67,South,2025-05-01,Consumer
CUST01171,Brandon Ward,victoriasmith@example.net,46,Central,2024-07-19,Business
CUST01084,Laura Ramos,jcarter@example.org,64,West,2023-07-19,Consumer
CUST00180,Jade Johnson DVM,lacey20@example.com,44,East,2026-04-14,Consumer
CUST00991,Carol Hughes,victor72@example.com,35,West,2025-06-25,Consumer
CUST00589,Renee Gonzales,andrewgray@example.net,53,Central,2023-03-21,Business
CUST00875,Mrs. Jacqueline Hickman,hooderic@example.org,69,North,2024-06-29,VIP
CUST00649,Michael Barnes,jessica74@example.net,68,East,2023-05-26,Consumer
CUST00532,Deanna Smith,lanedavid@example.org,67,Central,2024-02-28,VIP
